total_nb_steps,cumulative_reward,loss
1,0.0,0
2,0.0,0
3,0.0,0
4,0.0,0
5,-46.80000000000007,0
6,-93.60000000000014,0
7,-101.80000000000007,0
8,-110.0,0
9,-110.0,0
10,-110.0,0
11,-110.0,0
12,-110.0,0
13,66.39999999999998,0
14,242.79999999999995,0
15,332.79999999999995,0
16,422.79999999999995,0
17,426.4,0
18,430.0,0
19,347.19999999999993,0
20,264.39999999999986,10969.6337890625
21,95.19999999999993,10969.6337890625
22,-74.0,10969.6337890625
23,-92.0,10969.6337890625
24,-110.0,10969.6337890625
25,-110.0,10969.6337890625
26,-110.0,10969.6337890625
27,-110.0,10969.6337890625
28,-110.0,10969.6337890625
29,-110.0,10969.6337890625
30,-110.0,10969.6337890625
31,-110.0,10969.6337890625
32,-110.0,10969.6337890625
33,-110.0,10969.6337890625
34,-110.0,10969.6337890625
35,66.39999999999998,10969.6337890625
36,242.79999999999995,10969.6337890625
37,332.79999999999995,10969.6337890625
38,422.79999999999995,10969.6337890625
39,426.4,10969.6337890625
40,430.0,7577.6611328125
41,347.19999999999993,7577.6611328125
42,264.39999999999986,7577.6611328125
43,95.19999999999993,7577.6611328125
44,-74.0,7577.6611328125
45,-92.0,7577.6611328125
46,-110.0,7577.6611328125
47,-110.0,7577.6611328125
48,-110.0,7577.6611328125
49,-110.0,7577.6611328125
50,-110.0,7577.6611328125
51,66.39999999999998,7577.6611328125
52,242.79999999999995,7577.6611328125
53,332.79999999999995,7577.6611328125
54,422.79999999999995,7577.6611328125
55,426.4,7577.6611328125
56,430.0,7577.6611328125
57,347.19999999999993,7577.6611328125
58,264.39999999999986,7577.6611328125
59,95.19999999999993,7577.6611328125
60,-74.0,10579.2548828125
61,-92.0,10579.2548828125
62,-110.0,10579.2548828125
63,-110.0,10579.2548828125
64,-110.0,10579.2548828125
65,59.59999999999991,10579.2548828125
66,229.19999999999982,10579.2548828125
67,312.3999999999998,10579.2548828125
68,395.5999999999998,10579.2548828125
69,392.39999999999986,10579.2548828125
70,389.19999999999993,10579.2548828125
71,299.6000000000001,10579.2548828125
72,210.00000000000023,10579.2548828125
73,50.000000000000114,10579.2548828125
74,-110.0,10579.2548828125
75,-110.0,10579.2548828125
76,-110.0,10579.2548828125
77,-110.0,10579.2548828125
78,-110.0,10579.2548828125
79,-110.0,10579.2548828125
80,-110.0,8480.767578125
81,-110.0,8480.767578125
82,-110.0,8480.767578125
83,-110.0,8480.767578125
84,-110.0,8480.767578125
85,-110.0,8480.767578125
86,-110.0,8480.767578125
87,-110.0,8480.767578125
88,-110.0,8480.767578125
89,-110.0,8480.767578125
90,-110.0,8480.767578125
91,-110.0,8480.767578125
92,-110.0,8480.767578125
93,-110.0,8480.767578125
94,-110.0,8480.767578125
95,-15.199999999999932,8480.767578125
96,79.60000000000014,8480.767578125
97,88.00000000000011,8480.767578125
98,96.40000000000009,8480.767578125
99,18.40000000000009,8480.767578125
100,-59.59999999999991,8354.2177734375
101,-84.79999999999995,8354.2177734375
102,-110.0,8354.2177734375
103,-110.0,8354.2177734375
104,-110.0,8354.2177734375
105,-110.0,8354.2177734375
106,-110.0,8354.2177734375
107,-15.199999999999932,8354.2177734375
108,79.60000000000014,8354.2177734375
109,88.00000000000011,8354.2177734375
110,96.40000000000009,8354.2177734375
111,18.40000000000009,8354.2177734375
112,-59.59999999999991,8354.2177734375
113,-84.79999999999995,8354.2177734375
114,-110.0,8354.2177734375
115,-110.0,8354.2177734375
116,-110.0,8354.2177734375
117,-110.0,8354.2177734375
118,-110.0,8354.2177734375
119,-110.0,8354.2177734375
120,-110.0,8321.6875
121,-110.0,8321.6875
122,-110.0,8321.6875
123,-110.0,8321.6875
124,-110.0,8321.6875
125,-110.0,8321.6875
126,-110.0,8321.6875
127,-15.199999999999932,8321.6875
128,79.60000000000014,8321.6875
129,88.00000000000011,8321.6875
130,96.40000000000009,8321.6875
131,18.40000000000009,8321.6875
132,-59.59999999999991,8321.6875
133,-84.79999999999995,8321.6875
134,-110.0,8321.6875
135,-110.0,8321.6875
136,-110.0,8321.6875
137,-110.0,8321.6875
138,-110.0,8321.6875
139,-110.0,8321.6875
140,-110.0,8138.0693359375
141,-110.0,8138.0693359375
142,-110.0,8138.0693359375
143,-110.0,8138.0693359375
144,-110.0,8138.0693359375
145,-15.199999999999932,8138.0693359375
146,79.60000000000014,8138.0693359375
147,88.00000000000011,8138.0693359375
148,96.40000000000009,8138.0693359375
149,18.40000000000009,8138.0693359375
150,-59.59999999999991,8138.0693359375
151,-84.79999999999995,8138.0693359375
152,-110.0,8138.0693359375
153,-28.79999999999984,8138.0693359375
154,52.40000000000032,8138.0693359375
155,47.20000000000039,8138.0693359375
156,42.000000000000455,8138.0693359375
157,-33.99999999999977,8138.0693359375
158,-110.0,8138.0693359375
159,-110.0,8138.0693359375
160,-110.0,8274.45703125
161,-110.0,8274.45703125
162,-110.0,8274.45703125
163,-110.0,8274.45703125
164,-110.0,8274.45703125
165,-110.0,8274.45703125
166,-110.0,8274.45703125
167,-110.0,8274.45703125
168,-110.0,8274.45703125
169,-110.0,8274.45703125
170,-110.0,8274.45703125
171,-110.0,8274.45703125
172,-110.0,8274.45703125
173,-110.0,8274.45703125
174,-110.0,8274.45703125
175,-110.0,8274.45703125
176,-110.0,8274.45703125
177,-15.199999999999932,8274.45703125
178,79.60000000000014,8274.45703125
179,88.00000000000011,8274.45703125
180,96.40000000000009,7070.13134765625
181,18.40000000000009,7070.13134765625
182,-59.59999999999991,7070.13134765625
183,-84.79999999999995,7070.13134765625
184,-110.0,7070.13134765625
185,-110.0,7070.13134765625
186,-110.0,7070.13134765625
187,-15.199999999999932,7070.13134765625
188,79.60000000000014,7070.13134765625
189,88.00000000000011,7070.13134765625
190,96.40000000000009,7070.13134765625
191,18.40000000000009,7070.13134765625
192,-59.59999999999991,7070.13134765625
193,-84.79999999999995,7070.13134765625
194,-110.0,7070.13134765625
195,-110.0,7070.13134765625
196,-110.0,7070.13134765625
197,-15.199999999999932,7070.13134765625
198,79.60000000000014,7070.13134765625
199,88.00000000000011,7070.13134765625
200,96.40000000000009,6338.43994140625
201,18.40000000000009,6338.43994140625
202,-59.59999999999991,6338.43994140625
203,-84.79999999999995,6338.43994140625
204,-110.0,6338.43994140625
205,-110.0,6338.43994140625
206,-110.0,6338.43994140625
207,-110.0,6338.43994140625
208,-110.0,6338.43994140625
209,-110.0,6338.43994140625
210,-110.0,6338.43994140625
211,-110.0,6338.43994140625
212,-110.0,6338.43994140625
213,-110.0,6338.43994140625
214,-110.0,6338.43994140625
215,-110.0,6338.43994140625
216,-110.0,6338.43994140625
217,-110.0,6338.43994140625
218,-110.0,6338.43994140625
219,-110.0,6338.43994140625
220,-110.0,7063.4169921875
221,-110.0,7063.4169921875
222,-110.0,7063.4169921875
223,-15.199999999999932,7063.4169921875
224,79.60000000000014,7063.4169921875
225,88.00000000000011,7063.4169921875
226,96.40000000000009,7063.4169921875
227,18.40000000000009,7063.4169921875
228,-59.59999999999991,7063.4169921875
229,-84.79999999999995,7063.4169921875
230,-110.0,7063.4169921875
231,-110.0,7063.4169921875
232,-110.0,7063.4169921875
233,-110.0,7063.4169921875
234,-110.0,7063.4169921875
235,-110.0,7063.4169921875
236,-110.0,7063.4169921875
237,-110.0,7063.4169921875
238,-110.0,7063.4169921875
239,-110.0,7063.4169921875
240,-110.0,5378.9189453125
241,-110.0,5378.9189453125
242,-110.0,5378.9189453125
243,-110.0,5378.9189453125
244,-110.0,5378.9189453125
245,-110.0,5378.9189453125
246,-110.0,5378.9189453125
247,-110.0,5378.9189453125
248,-110.0,5378.9189453125
249,-110.0,5378.9189453125
250,-110.0,5378.9189453125
251,-110.0,5378.9189453125
252,-110.0,5378.9189453125
253,-110.0,5378.9189453125
254,-110.0,5378.9189453125
255,-110.0,5378.9189453125
256,-110.0,5378.9189453125
257,-110.0,5378.9189453125
258,-110.0,5378.9189453125
259,-110.0,5378.9189453125
260,-110.0,5446.03369140625
261,-110.0,5446.03369140625
262,-110.0,5446.03369140625
263,-110.0,5446.03369140625
264,-110.0,5446.03369140625
265,-110.0,5446.03369140625
266,-110.0,5446.03369140625
267,-110.0,5446.03369140625
268,-110.0,5446.03369140625
269,-110.0,5446.03369140625
270,-110.0,5446.03369140625
271,-110.0,5446.03369140625
272,-110.0,5446.03369140625
273,-110.0,5446.03369140625
274,-110.0,5446.03369140625
275,-110.0,5446.03369140625
276,-110.0,5446.03369140625
277,-110.0,5446.03369140625
278,-110.0,5446.03369140625
279,-110.0,5446.03369140625
280,-110.0,6228.306640625
281,-110.0,6228.306640625
282,-110.0,6228.306640625
283,-110.0,6228.306640625
284,-110.0,6228.306640625
285,-110.0,6228.306640625
286,-110.0,6228.306640625
287,-110.0,6228.306640625
288,-110.0,6228.306640625
289,-110.0,6228.306640625
290,-110.0,6228.306640625
291,-110.0,6228.306640625
292,-110.0,6228.306640625
293,-110.0,6228.306640625
294,-110.0,6228.306640625
295,-110.0,6228.306640625
296,-110.0,6228.306640625
297,-110.0,6228.306640625
298,-110.0,6228.306640625
299,-110.0,6228.306640625
300,-110.0,5616.072265625
301,-110.0,5616.072265625
302,-110.0,5616.072265625
303,-110.0,5616.072265625
304,-110.0,5616.072265625
305,-46.80000000000007,5616.072265625
306,-93.60000000000014,5616.072265625
307,-101.80000000000007,5616.072265625
308,-110.0,5616.072265625
309,-110.0,5616.072265625
310,-110.0,5616.072265625
311,-110.0,5616.072265625
312,-110.0,5616.072265625
313,-110.0,5616.072265625
314,-110.0,5616.072265625
315,-110.0,5616.072265625
316,-110.0,5616.072265625
317,-110.0,5616.072265625
318,-110.0,5616.072265625
319,-110.0,5616.072265625
320,-110.0,5309.5986328125
321,-110.0,5309.5986328125
322,-110.0,5309.5986328125
323,-110.0,5309.5986328125
324,-110.0,5309.5986328125
325,-110.0,5309.5986328125
326,-110.0,5309.5986328125
327,-110.0,5309.5986328125
328,-110.0,5309.5986328125
329,-110.0,5309.5986328125
330,-110.0,5309.5986328125
331,-110.0,5309.5986328125
332,-110.0,5309.5986328125
333,-110.0,5309.5986328125
334,-110.0,5309.5986328125
335,-110.0,5309.5986328125
336,-110.0,5309.5986328125
337,-110.0,5309.5986328125
338,-110.0,5309.5986328125
339,-110.0,5309.5986328125
340,-110.0,4121.685546875
341,-110.0,4121.685546875
342,-110.0,4121.685546875
343,-110.0,4121.685546875
344,-110.0,4121.685546875
345,-110.0,4121.685546875
346,-110.0,4121.685546875
347,-110.0,4121.685546875
348,-110.0,4121.685546875
349,-110.0,4121.685546875
350,-110.0,4121.685546875
351,-110.0,4121.685546875
352,-110.0,4121.685546875
353,-110.0,4121.685546875
354,-110.0,4121.685546875
355,-110.0,4121.685546875
356,-110.0,4121.685546875
357,-110.0,4121.685546875
358,-110.0,4121.685546875
359,-110.0,4121.685546875
360,-110.0,4181.560546875
361,-110.0,4181.560546875
362,-110.0,4181.560546875
363,-110.0,4181.560546875
364,-110.0,4181.560546875
365,-110.0,4181.560546875
366,-110.0,4181.560546875
367,-110.0,4181.560546875
368,-110.0,4181.560546875
369,-110.0,4181.560546875
370,-110.0,4181.560546875
371,-110.0,4181.560546875
372,-110.0,4181.560546875
373,-110.0,4181.560546875
374,-110.0,4181.560546875
375,-110.0,4181.560546875
376,-110.0,4181.560546875
377,-110.0,4181.560546875
378,-110.0,4181.560546875
379,-110.0,4181.560546875
380,-110.0,5714.52880859375
381,-110.0,5714.52880859375
382,-110.0,5714.52880859375
383,-110.0,5714.52880859375
384,-110.0,5714.52880859375
385,-110.0,5714.52880859375
386,-110.0,5714.52880859375
387,-15.199999999999932,5714.52880859375
388,79.60000000000014,5714.52880859375
389,88.00000000000011,5714.52880859375
390,96.40000000000009,5714.52880859375
391,18.40000000000009,5714.52880859375
392,-59.59999999999991,5714.52880859375
393,-84.79999999999995,5714.52880859375
394,-110.0,5714.52880859375
395,-110.0,5714.52880859375
396,-110.0,5714.52880859375
397,-110.0,5714.52880859375
398,-110.0,5714.52880859375
399,-110.0,5714.52880859375
400,-110.0,5367.93115234375
401,-110.0,5367.93115234375
402,-110.0,5367.93115234375
403,-110.0,5367.93115234375
404,-110.0,5367.93115234375
405,-110.0,5367.93115234375
406,-110.0,5367.93115234375
407,-110.0,5367.93115234375
408,-110.0,5367.93115234375
409,-110.0,5367.93115234375
410,-110.0,5367.93115234375
411,-110.0,5367.93115234375
412,-110.0,5367.93115234375
413,-110.0,5367.93115234375
414,-110.0,5367.93115234375
415,-110.0,5367.93115234375
416,-110.0,5367.93115234375
417,-110.0,5367.93115234375
418,-110.0,5367.93115234375
419,-110.0,5367.93115234375
420,-110.0,2976.791259765625
421,-110.0,2976.791259765625
422,-110.0,2976.791259765625
423,-110.0,2976.791259765625
424,-110.0,2976.791259765625
425,-110.0,2976.791259765625
426,-110.0,2976.791259765625
427,-110.0,2976.791259765625
428,-110.0,2976.791259765625
429,-110.0,2976.791259765625
430,-110.0,2976.791259765625
431,-110.0,2976.791259765625
432,-110.0,2976.791259765625
433,-110.0,2976.791259765625
434,-110.0,2976.791259765625
435,-110.0,2976.791259765625
436,-110.0,2976.791259765625
437,-110.0,2976.791259765625
438,-110.0,2976.791259765625
439,-110.0,2976.791259765625
440,-110.0,4132.27734375
441,-110.0,4132.27734375
442,-110.0,4132.27734375
443,-110.0,4132.27734375
444,-110.0,4132.27734375
445,-110.0,4132.27734375
446,-110.0,4132.27734375
447,-110.0,4132.27734375
448,-110.0,4132.27734375
449,-110.0,4132.27734375
450,-110.0,4132.27734375
451,-110.0,4132.27734375
452,-110.0,4132.27734375
453,-110.0,4132.27734375
454,-110.0,4132.27734375
455,-110.0,4132.27734375
456,-110.0,4132.27734375
457,-110.0,4132.27734375
458,-110.0,4132.27734375
459,-110.0,4132.27734375
460,-110.0,3479.669921875
461,-110.0,3479.669921875
462,-110.0,3479.669921875
463,-110.0,3479.669921875
464,-110.0,3479.669921875
465,-110.0,3479.669921875
466,-110.0,3479.669921875
467,-110.0,3479.669921875
468,-110.0,3479.669921875
469,-110.0,3479.669921875
470,-110.0,3479.669921875
471,-110.0,3479.669921875
472,-110.0,3479.669921875
473,-110.0,3479.669921875
474,-110.0,3479.669921875
475,-110.0,3479.669921875
476,-110.0,3479.669921875
477,-110.0,3479.669921875
478,-110.0,3479.669921875
479,-110.0,3479.669921875
480,-110.0,4264.5078125
481,-110.0,4264.5078125
482,-110.0,4264.5078125
483,-15.199999999999932,4264.5078125
484,79.60000000000014,4264.5078125
485,88.00000000000011,4264.5078125
486,96.40000000000009,4264.5078125
487,18.40000000000009,4264.5078125
488,-59.59999999999991,4264.5078125
489,-84.79999999999995,4264.5078125
490,-110.0,4264.5078125
491,-110.0,4264.5078125
492,-110.0,4264.5078125
493,-110.0,4264.5078125
494,-110.0,4264.5078125
495,-110.0,4264.5078125
496,-110.0,4264.5078125
497,-15.199999999999932,4264.5078125
498,79.60000000000014,4264.5078125
499,88.00000000000011,4264.5078125
500,96.40000000000009,3920.989990234375
501,18.40000000000009,3920.989990234375
502,-59.59999999999991,3920.989990234375
503,-84.79999999999995,3920.989990234375
504,-110.0,3920.989990234375
505,-110.0,3920.989990234375
506,-110.0,3920.989990234375
507,-110.0,3920.989990234375
508,-110.0,3920.989990234375
509,-110.0,3920.989990234375
510,-110.0,3920.989990234375
511,-110.0,3920.989990234375
512,-110.0,3920.989990234375
513,-110.0,3920.989990234375
514,-110.0,3920.989990234375
515,-110.0,3920.989990234375
516,-110.0,3920.989990234375
517,-110.0,3920.989990234375
518,-110.0,3920.989990234375
519,-110.0,3920.989990234375
520,-110.0,3859.06494140625
521,-110.0,3859.06494140625
522,-110.0,3859.06494140625
523,-110.0,3859.06494140625
524,-110.0,3859.06494140625
525,-110.0,3859.06494140625
526,-110.0,3859.06494140625
527,-110.0,3859.06494140625
528,-110.0,3859.06494140625
529,-110.0,3859.06494140625
530,-110.0,3859.06494140625
531,-110.0,3859.06494140625
532,-110.0,3859.06494140625
533,-110.0,3859.06494140625
534,-110.0,3859.06494140625
535,-110.0,3859.06494140625
536,-110.0,3859.06494140625
537,-110.0,3859.06494140625
538,-110.0,3859.06494140625
539,-110.0,3859.06494140625
540,-110.0,3538.381591796875
541,-110.0,3538.381591796875
542,-110.0,3538.381591796875
543,-110.0,3538.381591796875
544,-110.0,3538.381591796875
545,-110.0,3538.381591796875
546,-110.0,3538.381591796875
547,-110.0,3538.381591796875
548,-110.0,3538.381591796875
549,-110.0,3538.381591796875
550,-110.0,3538.381591796875
551,-110.0,3538.381591796875
552,-110.0,3538.381591796875
553,-110.0,3538.381591796875
554,-110.0,3538.381591796875
555,-110.0,3538.381591796875
556,-110.0,3538.381591796875
557,-110.0,3538.381591796875
558,-110.0,3538.381591796875
559,-110.0,3538.381591796875
560,-110.0,2903.103759765625
561,-110.0,2903.103759765625
562,-110.0,2903.103759765625
563,-110.0,2903.103759765625
564,-110.0,2903.103759765625
565,-110.0,2903.103759765625
566,-110.0,2903.103759765625
567,-110.0,2903.103759765625
568,-110.0,2903.103759765625
569,-110.0,2903.103759765625
570,-110.0,2903.103759765625
571,-110.0,2903.103759765625
572,-110.0,2903.103759765625
573,-110.0,2903.103759765625
574,-110.0,2903.103759765625
575,-110.0,2903.103759765625
576,-110.0,2903.103759765625
577,-110.0,2903.103759765625
578,-110.0,2903.103759765625
579,-110.0,2903.103759765625
580,-110.0,3540.55126953125
581,-110.0,3540.55126953125
582,-110.0,3540.55126953125
583,-110.0,3540.55126953125
584,-110.0,3540.55126953125
585,-15.199999999999932,3540.55126953125
586,79.60000000000014,3540.55126953125
587,88.00000000000011,3540.55126953125
588,96.40000000000009,3540.55126953125
589,18.40000000000009,3540.55126953125
590,-59.59999999999991,3540.55126953125
591,-84.79999999999995,3540.55126953125
592,-110.0,3540.55126953125
593,-110.0,3540.55126953125
594,-110.0,3540.55126953125
595,-110.0,3540.55126953125
596,-110.0,3540.55126953125
597,-110.0,3540.55126953125
598,-110.0,3540.55126953125
599,-110.0,3540.55126953125
600,-110.0,3126.003173828125
601,-110.0,3126.003173828125
602,-110.0,3126.003173828125
603,-110.0,3126.003173828125
604,-110.0,3126.003173828125
605,-46.80000000000007,3126.003173828125
606,-93.60000000000014,3126.003173828125
607,-101.80000000000007,3126.003173828125
608,-110.0,3126.003173828125
609,-110.0,3126.003173828125
610,-110.0,3126.003173828125
611,-110.0,3126.003173828125
612,-110.0,3126.003173828125
613,-110.0,3126.003173828125
614,-110.0,3126.003173828125
615,-110.0,3126.003173828125
616,-110.0,3126.003173828125
617,-110.0,3126.003173828125
618,-110.0,3126.003173828125
619,-110.0,3126.003173828125
620,-110.0,3723.629638671875
621,-110.0,3723.629638671875
622,-110.0,3723.629638671875
623,-110.0,3723.629638671875
624,-110.0,3723.629638671875
625,-110.0,3723.629638671875
626,-110.0,3723.629638671875
627,-110.0,3723.629638671875
628,-110.0,3723.629638671875
629,-110.0,3723.629638671875
630,-110.0,3723.629638671875
631,-110.0,3723.629638671875
632,-110.0,3723.629638671875
633,-110.0,3723.629638671875
634,-110.0,3723.629638671875
635,-110.0,3723.629638671875
636,-110.0,3723.629638671875
637,-110.0,3723.629638671875
638,-110.0,3723.629638671875
639,-110.0,3723.629638671875
640,-110.0,3733.735595703125
641,-110.0,3733.735595703125
642,-110.0,3733.735595703125
643,-110.0,3733.735595703125
644,-110.0,3733.735595703125
645,-110.0,3733.735595703125
646,-110.0,3733.735595703125
647,-110.0,3733.735595703125
648,-110.0,3733.735595703125
649,-110.0,3733.735595703125
650,-110.0,3733.735595703125
651,-110.0,3733.735595703125
652,-110.0,3733.735595703125
653,-110.0,3733.735595703125
654,-110.0,3733.735595703125
655,-110.0,3733.735595703125
656,-110.0,3733.735595703125
657,-110.0,3733.735595703125
658,-110.0,3733.735595703125
659,-110.0,3733.735595703125
660,-110.0,3860.968505859375
661,-110.0,3860.968505859375
662,-110.0,3860.968505859375
663,-110.0,3860.968505859375
664,-110.0,3860.968505859375
665,-110.0,3860.968505859375
666,-110.0,3860.968505859375
667,-110.0,3860.968505859375
668,-110.0,3860.968505859375
669,-110.0,3860.968505859375
670,-110.0,3860.968505859375
671,-110.0,3860.968505859375
672,-110.0,3860.968505859375
673,-110.0,3860.968505859375
674,-110.0,3860.968505859375
675,-110.0,3860.968505859375
676,-110.0,3860.968505859375
677,-110.0,3860.968505859375
678,-110.0,3860.968505859375
679,-110.0,3860.968505859375
680,-110.0,3227.531494140625
681,-110.0,3227.531494140625
682,-110.0,3227.531494140625
683,-110.0,3227.531494140625
684,-110.0,3227.531494140625
685,-110.0,3227.531494140625
686,-110.0,3227.531494140625
687,-110.0,3227.531494140625
688,-110.0,3227.531494140625
689,-110.0,3227.531494140625
690,-110.0,3227.531494140625
691,-110.0,3227.531494140625
692,-110.0,3227.531494140625
693,-110.0,3227.531494140625
694,-110.0,3227.531494140625
695,-110.0,3227.531494140625
696,-110.0,3227.531494140625
697,-110.0,3227.531494140625
698,-110.0,3227.531494140625
699,-110.0,3227.531494140625
700,-110.0,3191.1767578125
701,-110.0,3191.1767578125
702,-110.0,3191.1767578125
703,-110.0,3191.1767578125
704,-110.0,3191.1767578125
705,-110.0,3191.1767578125
706,-110.0,3191.1767578125
707,-110.0,3191.1767578125
708,-110.0,3191.1767578125
709,-110.0,3191.1767578125
710,-110.0,3191.1767578125
711,-110.0,3191.1767578125
712,-110.0,3191.1767578125
713,-110.0,3191.1767578125
714,-110.0,3191.1767578125
715,-110.0,3191.1767578125
716,-110.0,3191.1767578125
717,-110.0,3191.1767578125
718,-110.0,3191.1767578125
719,-110.0,3191.1767578125
720,-110.0,3114.17333984375
721,-110.0,3114.17333984375
722,-110.0,3114.17333984375
723,-110.0,3114.17333984375
724,-110.0,3114.17333984375
725,-110.0,3114.17333984375
726,-110.0,3114.17333984375
727,-110.0,3114.17333984375
728,-110.0,3114.17333984375
729,-15.199999999999932,3114.17333984375
730,79.60000000000014,3114.17333984375
731,88.00000000000011,3114.17333984375
732,96.40000000000009,3114.17333984375
733,18.40000000000009,3114.17333984375
734,-59.59999999999991,3114.17333984375
735,-84.79999999999995,3114.17333984375
736,-110.0,3114.17333984375
737,-110.0,3114.17333984375
738,-110.0,3114.17333984375
739,-110.0,3114.17333984375
740,-110.0,3180.87353515625
741,-110.0,3180.87353515625
742,-110.0,3180.87353515625
743,-110.0,3180.87353515625
744,-110.0,3180.87353515625
745,-110.0,3180.87353515625
746,-110.0,3180.87353515625
747,-110.0,3180.87353515625
748,-110.0,3180.87353515625
749,-110.0,3180.87353515625
750,-110.0,3180.87353515625
751,-110.0,3180.87353515625
752,-110.0,3180.87353515625
753,-110.0,3180.87353515625
754,-110.0,3180.87353515625
755,-110.0,3180.87353515625
756,-110.0,3180.87353515625
757,-110.0,3180.87353515625
758,-110.0,3180.87353515625
759,-110.0,3180.87353515625
760,-110.0,3789.7080078125
761,-110.0,3789.7080078125
762,-110.0,3789.7080078125
763,-110.0,3789.7080078125
764,-110.0,3789.7080078125
765,-110.0,3789.7080078125
766,-110.0,3789.7080078125
767,-110.0,3789.7080078125
768,-110.0,3789.7080078125
769,-110.0,3789.7080078125
770,-110.0,3789.7080078125
771,-110.0,3789.7080078125
772,-110.0,3789.7080078125
773,-110.0,3789.7080078125
774,-110.0,3789.7080078125
775,-110.0,3789.7080078125
776,-110.0,3789.7080078125
777,-110.0,3789.7080078125
778,-110.0,3789.7080078125
779,-110.0,3789.7080078125
780,-110.0,3064.16650390625
781,-110.0,3064.16650390625
782,-110.0,3064.16650390625
783,-110.0,3064.16650390625
784,-110.0,3064.16650390625
785,-110.0,3064.16650390625
786,-110.0,3064.16650390625
787,-110.0,3064.16650390625
788,-110.0,3064.16650390625
789,-110.0,3064.16650390625
790,-110.0,3064.16650390625
791,-110.0,3064.16650390625
792,-110.0,3064.16650390625
793,-110.0,3064.16650390625
794,-110.0,3064.16650390625
795,-110.0,3064.16650390625
796,-110.0,3064.16650390625
797,-110.0,3064.16650390625
798,-110.0,3064.16650390625
799,-110.0,3064.16650390625
800,-110.0,1913.88818359375
801,-110.0,1913.88818359375
802,-110.0,1913.88818359375
803,-110.0,1913.88818359375
804,-110.0,1913.88818359375
805,-110.0,1913.88818359375
806,-110.0,1913.88818359375
807,-110.0,1913.88818359375
808,-110.0,1913.88818359375
809,-110.0,1913.88818359375
810,-110.0,1913.88818359375
811,-110.0,1913.88818359375
812,-110.0,1913.88818359375
813,-110.0,1913.88818359375
814,-110.0,1913.88818359375
815,-110.0,1913.88818359375
816,-110.0,1913.88818359375
817,-110.0,1913.88818359375
818,-110.0,1913.88818359375
819,-110.0,1913.88818359375
820,-110.0,2566.065673828125
821,-110.0,2566.065673828125
822,-110.0,2566.065673828125
823,-110.0,2566.065673828125
824,-110.0,2566.065673828125
825,-110.0,2566.065673828125
826,-110.0,2566.065673828125
827,-110.0,2566.065673828125
828,-110.0,2566.065673828125
829,-110.0,2566.065673828125
830,-110.0,2566.065673828125
831,-110.0,2566.065673828125
832,-110.0,2566.065673828125
833,-110.0,2566.065673828125
834,-110.0,2566.065673828125
835,-110.0,2566.065673828125
836,-110.0,2566.065673828125
837,-110.0,2566.065673828125
838,-110.0,2566.065673828125
839,-110.0,2566.065673828125
840,-110.0,2407.38916015625
841,-110.0,2407.38916015625
842,-110.0,2407.38916015625
843,-110.0,2407.38916015625
844,-110.0,2407.38916015625
845,-110.0,2407.38916015625
846,-110.0,2407.38916015625
847,-110.0,2407.38916015625
848,-110.0,2407.38916015625
849,-110.0,2407.38916015625
850,-110.0,2407.38916015625
851,-110.0,2407.38916015625
852,-110.0,2407.38916015625
853,-110.0,2407.38916015625
854,-110.0,2407.38916015625
855,-110.0,2407.38916015625
856,-110.0,2407.38916015625
857,-110.0,2407.38916015625
858,-110.0,2407.38916015625
859,-110.0,2407.38916015625
860,-110.0,2734.94970703125
861,-110.0,2734.94970703125
862,-110.0,2734.94970703125
863,-110.0,2734.94970703125
864,-110.0,2734.94970703125
865,-110.0,2734.94970703125
866,-110.0,2734.94970703125
867,-110.0,2734.94970703125
868,-110.0,2734.94970703125
869,-110.0,2734.94970703125
870,-110.0,2734.94970703125
871,-110.0,2734.94970703125
872,-110.0,2734.94970703125
873,-110.0,2734.94970703125
874,-110.0,2734.94970703125
875,-110.0,2734.94970703125
876,-110.0,2734.94970703125
877,-110.0,2734.94970703125
878,-110.0,2734.94970703125
879,-110.0,2734.94970703125
880,-110.0,2519.648193359375
881,-110.0,2519.648193359375
882,-110.0,2519.648193359375
883,-110.0,2519.648193359375
884,-110.0,2519.648193359375
885,-110.0,2519.648193359375
886,-110.0,2519.648193359375
887,-110.0,2519.648193359375
888,-110.0,2519.648193359375
889,-110.0,2519.648193359375
890,-110.0,2519.648193359375
891,-110.0,2519.648193359375
892,-110.0,2519.648193359375
893,-110.0,2519.648193359375
894,-110.0,2519.648193359375
895,-110.0,2519.648193359375
896,-110.0,2519.648193359375
897,-110.0,2519.648193359375
898,-110.0,2519.648193359375
899,-110.0,2519.648193359375
900,-110.0,2744.4638671875
901,-110.0,2744.4638671875
902,-110.0,2744.4638671875
903,-110.0,2744.4638671875
904,-110.0,2744.4638671875
905,-46.80000000000007,2744.4638671875
906,-93.60000000000014,2744.4638671875
907,-101.80000000000007,2744.4638671875
908,-110.0,2744.4638671875
909,-110.0,2744.4638671875
910,-110.0,2744.4638671875
911,-110.0,2744.4638671875
912,-110.0,2744.4638671875
913,-110.0,2744.4638671875
914,-110.0,2744.4638671875
915,-110.0,2744.4638671875
916,-110.0,2744.4638671875
917,-110.0,2744.4638671875
918,-110.0,2744.4638671875
919,-110.0,2744.4638671875
920,-110.0,1733.8056640625
921,-110.0,1733.8056640625
922,-110.0,1733.8056640625
923,-110.0,1733.8056640625
924,-110.0,1733.8056640625
925,-110.0,1733.8056640625
926,-110.0,1733.8056640625
927,-110.0,1733.8056640625
928,-110.0,1733.8056640625
929,-110.0,1733.8056640625
930,-110.0,1733.8056640625
931,-110.0,1733.8056640625
932,-110.0,1733.8056640625
933,-110.0,1733.8056640625
934,-110.0,1733.8056640625
935,-110.0,1733.8056640625
936,-110.0,1733.8056640625
937,-110.0,1733.8056640625
938,-110.0,1733.8056640625
939,-110.0,1733.8056640625
940,-110.0,2041.5562744140625
941,-110.0,2041.5562744140625
942,-110.0,2041.5562744140625
943,-110.0,2041.5562744140625
944,-110.0,2041.5562744140625
945,-110.0,2041.5562744140625
946,-110.0,2041.5562744140625
947,-110.0,2041.5562744140625
948,-110.0,2041.5562744140625
949,-110.0,2041.5562744140625
950,-110.0,2041.5562744140625
951,-110.0,2041.5562744140625
952,-110.0,2041.5562744140625
953,-110.0,2041.5562744140625
954,-110.0,2041.5562744140625
955,-110.0,2041.5562744140625
956,-110.0,2041.5562744140625
957,-110.0,2041.5562744140625
958,-110.0,2041.5562744140625
959,-110.0,2041.5562744140625
960,-110.0,2037.0699462890625
961,-110.0,2037.0699462890625
962,-110.0,2037.0699462890625
963,-110.0,2037.0699462890625
964,-110.0,2037.0699462890625
965,-110.0,2037.0699462890625
966,-110.0,2037.0699462890625
967,-110.0,2037.0699462890625
968,-110.0,2037.0699462890625
969,-110.0,2037.0699462890625
970,-110.0,2037.0699462890625
971,-110.0,2037.0699462890625
972,-110.0,2037.0699462890625
973,-110.0,2037.0699462890625
974,-110.0,2037.0699462890625
975,-110.0,2037.0699462890625
976,-110.0,2037.0699462890625
977,-110.0,2037.0699462890625
978,-110.0,2037.0699462890625
979,-110.0,2037.0699462890625
980,-110.0,3366.66552734375
981,-110.0,3366.66552734375
982,-110.0,3366.66552734375
983,-110.0,3366.66552734375
984,-110.0,3366.66552734375
985,-110.0,3366.66552734375
986,-110.0,3366.66552734375
987,-110.0,3366.66552734375
988,-110.0,3366.66552734375
989,-110.0,3366.66552734375
990,-110.0,3366.66552734375
991,-110.0,3366.66552734375
992,-110.0,3366.66552734375
993,-110.0,3366.66552734375
994,-110.0,3366.66552734375
995,-110.0,3366.66552734375
996,-110.0,3366.66552734375
997,-110.0,3366.66552734375
998,-110.0,3366.66552734375
999,-110.0,3366.66552734375
1000,-110.0,2090.402587890625
1001,-110.0,2090.402587890625
1002,-110.0,2090.402587890625
1003,-110.0,2090.402587890625
1004,-110.0,2090.402587890625
1005,-110.0,2090.402587890625
1006,-110.0,2090.402587890625
1007,-110.0,2090.402587890625
1008,-110.0,2090.402587890625
1009,-110.0,2090.402587890625
1010,-110.0,2090.402587890625
1011,-110.0,2090.402587890625
1012,-110.0,2090.402587890625
1013,-110.0,2090.402587890625
1014,-110.0,2090.402587890625
1015,-110.0,2090.402587890625
1016,-110.0,2090.402587890625
1017,-110.0,2090.402587890625
1018,-110.0,2090.402587890625
1019,-110.0,2090.402587890625
1020,-110.0,2385.26416015625
1021,-110.0,2385.26416015625
1022,-110.0,2385.26416015625
1023,-110.0,2385.26416015625
1024,-110.0,2385.26416015625
1025,-110.0,2385.26416015625
1026,-110.0,2385.26416015625
1027,-110.0,2385.26416015625
1028,-110.0,2385.26416015625
1029,-110.0,2385.26416015625
1030,-110.0,2385.26416015625
1031,-110.0,2385.26416015625
1032,-110.0,2385.26416015625
1033,-110.0,2385.26416015625
1034,-110.0,2385.26416015625
1035,-110.0,2385.26416015625
1036,-110.0,2385.26416015625
1037,-110.0,2385.26416015625
1038,-110.0,2385.26416015625
1039,-110.0,2385.26416015625
1040,-110.0,1886.9603271484375
1041,-110.0,1886.9603271484375
1042,-110.0,1886.9603271484375
1043,-110.0,1886.9603271484375
1044,-110.0,1886.9603271484375
1045,-110.0,1886.9603271484375
1046,-110.0,1886.9603271484375
1047,-110.0,1886.9603271484375
1048,-110.0,1886.9603271484375
1049,-110.0,1886.9603271484375
1050,-110.0,1886.9603271484375
1051,-110.0,1886.9603271484375
1052,-110.0,1886.9603271484375
1053,-110.0,1886.9603271484375
1054,-110.0,1886.9603271484375
1055,-110.0,1886.9603271484375
1056,-110.0,1886.9603271484375
1057,-110.0,1886.9603271484375
1058,-110.0,1886.9603271484375
1059,-110.0,1886.9603271484375
1060,-110.0,1562.8004150390625
1061,-110.0,1562.8004150390625
1062,-110.0,1562.8004150390625
1063,-110.0,1562.8004150390625
1064,-110.0,1562.8004150390625
1065,-110.0,1562.8004150390625
1066,-110.0,1562.8004150390625
1067,-110.0,1562.8004150390625
1068,-110.0,1562.8004150390625
1069,-110.0,1562.8004150390625
1070,-110.0,1562.8004150390625
1071,-110.0,1562.8004150390625
1072,-110.0,1562.8004150390625
1073,-110.0,1562.8004150390625
1074,-110.0,1562.8004150390625
1075,-110.0,1562.8004150390625
1076,-110.0,1562.8004150390625
1077,-110.0,1562.8004150390625
1078,-110.0,1562.8004150390625
1079,-110.0,1562.8004150390625
1080,-110.0,1634.6715087890625
1081,-110.0,1634.6715087890625
1082,-110.0,1634.6715087890625
1083,-110.0,1634.6715087890625
1084,-110.0,1634.6715087890625
1085,-110.0,1634.6715087890625
1086,-110.0,1634.6715087890625
1087,-110.0,1634.6715087890625
1088,-110.0,1634.6715087890625
1089,-110.0,1634.6715087890625
1090,-110.0,1634.6715087890625
1091,-110.0,1634.6715087890625
1092,-110.0,1634.6715087890625
1093,-110.0,1634.6715087890625
1094,-110.0,1634.6715087890625
1095,-110.0,1634.6715087890625
1096,-110.0,1634.6715087890625
1097,-110.0,1634.6715087890625
1098,-110.0,1634.6715087890625
1099,-110.0,1634.6715087890625
1100,-110.0,2278.739013671875
1101,-110.0,2278.739013671875
1102,-110.0,2278.739013671875
1103,-110.0,2278.739013671875
1104,-110.0,2278.739013671875
1105,-110.0,2278.739013671875
1106,-110.0,2278.739013671875
1107,-110.0,2278.739013671875
1108,-110.0,2278.739013671875
1109,-110.0,2278.739013671875
1110,-110.0,2278.739013671875
1111,-110.0,2278.739013671875
1112,-110.0,2278.739013671875
1113,-110.0,2278.739013671875
1114,-110.0,2278.739013671875
1115,-110.0,2278.739013671875
1116,-110.0,2278.739013671875
1117,-110.0,2278.739013671875
1118,-110.0,2278.739013671875
1119,-110.0,2278.739013671875
1120,-110.0,2099.917236328125
1121,-110.0,2099.917236328125
1122,-110.0,2099.917236328125
1123,-110.0,2099.917236328125
1124,-110.0,2099.917236328125
1125,-110.0,2099.917236328125
1126,-110.0,2099.917236328125
1127,-110.0,2099.917236328125
1128,-110.0,2099.917236328125
1129,-110.0,2099.917236328125
1130,-110.0,2099.917236328125
1131,-110.0,2099.917236328125
1132,-110.0,2099.917236328125
1133,-110.0,2099.917236328125
1134,-110.0,2099.917236328125
1135,-110.0,2099.917236328125
1136,-110.0,2099.917236328125
1137,-110.0,2099.917236328125
1138,-110.0,2099.917236328125
1139,-110.0,2099.917236328125
1140,-110.0,2287.6748046875
1141,-110.0,2287.6748046875
1142,-110.0,2287.6748046875
1143,-110.0,2287.6748046875
1144,-110.0,2287.6748046875
1145,-110.0,2287.6748046875
1146,-110.0,2287.6748046875
1147,-110.0,2287.6748046875
1148,-110.0,2287.6748046875
1149,-110.0,2287.6748046875
1150,-110.0,2287.6748046875
1151,-110.0,2287.6748046875
1152,-110.0,2287.6748046875
1153,-110.0,2287.6748046875
1154,-110.0,2287.6748046875
1155,-110.0,2287.6748046875
1156,-110.0,2287.6748046875
1157,-110.0,2287.6748046875
1158,-110.0,2287.6748046875
1159,-110.0,2287.6748046875
1160,-110.0,2286.833251953125
1161,-110.0,2286.833251953125
1162,-110.0,2286.833251953125
1163,-110.0,2286.833251953125
1164,-110.0,2286.833251953125
1165,-110.0,2286.833251953125
1166,-110.0,2286.833251953125
1167,-110.0,2286.833251953125
1168,-110.0,2286.833251953125
1169,-15.199999999999932,2286.833251953125
1170,79.60000000000014,2286.833251953125
1171,88.00000000000011,2286.833251953125
1172,96.40000000000009,2286.833251953125
1173,18.40000000000009,2286.833251953125
1174,-59.59999999999991,2286.833251953125
1175,-84.79999999999995,2286.833251953125
1176,-110.0,2286.833251953125
1177,-28.79999999999984,2286.833251953125
1178,52.40000000000032,2286.833251953125
1179,47.20000000000039,2286.833251953125
1180,42.000000000000455,1798.7679443359375
1181,-33.99999999999977,1798.7679443359375
1182,-110.0,1798.7679443359375
1183,-110.0,1798.7679443359375
1184,-110.0,1798.7679443359375
1185,-110.0,1798.7679443359375
1186,-110.0,1798.7679443359375
1187,-110.0,1798.7679443359375
1188,-110.0,1798.7679443359375
1189,-110.0,1798.7679443359375
1190,-110.0,1798.7679443359375
1191,-110.0,1798.7679443359375
1192,-110.0,1798.7679443359375
1193,-110.0,1798.7679443359375
1194,-110.0,1798.7679443359375
1195,-110.0,1798.7679443359375
1196,-110.0,1798.7679443359375
1197,-110.0,1798.7679443359375
1198,-110.0,1798.7679443359375
1199,-110.0,1798.7679443359375
1200,-110.0,2537.221923828125
1201,-110.0,2537.221923828125
1202,-110.0,2537.221923828125
1203,-110.0,2537.221923828125
1204,-110.0,2537.221923828125
1205,-46.80000000000007,2537.221923828125
1206,-93.60000000000014,2537.221923828125
1207,-101.80000000000007,2537.221923828125
1208,-110.0,2537.221923828125
1209,-110.0,2537.221923828125
1210,-110.0,2537.221923828125
1211,-110.0,2537.221923828125
1212,-110.0,2537.221923828125
1213,-110.0,2537.221923828125
1214,-110.0,2537.221923828125
1215,-110.0,2537.221923828125
1216,-110.0,2537.221923828125
1217,-110.0,2537.221923828125
1218,-110.0,2537.221923828125
1219,-110.0,2537.221923828125
1220,-110.0,2240.110107421875
1221,-110.0,2240.110107421875
1222,-110.0,2240.110107421875
1223,-110.0,2240.110107421875
1224,-110.0,2240.110107421875
1225,-110.0,2240.110107421875
1226,-110.0,2240.110107421875
1227,-110.0,2240.110107421875
1228,-110.0,2240.110107421875
1229,-110.0,2240.110107421875
1230,-110.0,2240.110107421875
1231,-110.0,2240.110107421875
1232,-110.0,2240.110107421875
1233,-110.0,2240.110107421875
1234,-110.0,2240.110107421875
1235,-110.0,2240.110107421875
1236,-110.0,2240.110107421875
1237,-110.0,2240.110107421875
1238,-110.0,2240.110107421875
1239,-110.0,2240.110107421875
1240,-110.0,2356.26318359375
1241,-110.0,2356.26318359375
1242,-110.0,2356.26318359375
1243,-110.0,2356.26318359375
1244,-110.0,2356.26318359375
1245,-110.0,2356.26318359375
1246,-110.0,2356.26318359375
1247,-110.0,2356.26318359375
1248,-110.0,2356.26318359375
1249,-110.0,2356.26318359375
1250,-110.0,2356.26318359375
1251,-110.0,2356.26318359375
1252,-110.0,2356.26318359375
1253,-110.0,2356.26318359375
1254,-110.0,2356.26318359375
1255,-15.199999999999932,2356.26318359375
1256,79.60000000000014,2356.26318359375
1257,88.00000000000011,2356.26318359375
1258,96.40000000000009,2356.26318359375
1259,18.40000000000009,2356.26318359375
1260,-59.59999999999991,2295.433837890625
1261,-84.79999999999995,2295.433837890625
1262,-110.0,2295.433837890625
1263,-110.0,2295.433837890625
1264,-110.0,2295.433837890625
1265,-110.0,2295.433837890625
1266,-110.0,2295.433837890625
1267,-110.0,2295.433837890625
1268,-110.0,2295.433837890625
1269,-110.0,2295.433837890625
1270,-110.0,2295.433837890625
1271,-110.0,2295.433837890625
1272,-110.0,2295.433837890625
1273,-110.0,2295.433837890625
1274,-110.0,2295.433837890625
1275,-110.0,2295.433837890625
1276,-110.0,2295.433837890625
1277,-110.0,2295.433837890625
1278,-110.0,2295.433837890625
1279,-110.0,2295.433837890625
1280,-110.0,1902.27294921875
1281,-110.0,1902.27294921875
1282,-110.0,1902.27294921875
1283,-110.0,1902.27294921875
1284,-110.0,1902.27294921875
1285,-110.0,1902.27294921875
1286,-110.0,1902.27294921875
1287,-110.0,1902.27294921875
1288,-110.0,1902.27294921875
1289,-110.0,1902.27294921875
1290,-110.0,1902.27294921875
1291,-110.0,1902.27294921875
1292,-110.0,1902.27294921875
1293,-110.0,1902.27294921875
1294,-110.0,1902.27294921875
1295,-110.0,1902.27294921875
1296,-110.0,1902.27294921875
1297,-110.0,1902.27294921875
1298,-110.0,1902.27294921875
1299,-110.0,1902.27294921875
1300,-110.0,2344.13671875
1301,-110.0,2344.13671875
1302,-110.0,2344.13671875
1303,-110.0,2344.13671875
1304,-110.0,2344.13671875
1305,-110.0,2344.13671875
1306,-110.0,2344.13671875
1307,-110.0,2344.13671875
1308,-110.0,2344.13671875
1309,-110.0,2344.13671875
1310,-110.0,2344.13671875
1311,-110.0,2344.13671875
1312,-110.0,2344.13671875
1313,-110.0,2344.13671875
1314,-110.0,2344.13671875
1315,-110.0,2344.13671875
1316,-110.0,2344.13671875
1317,-110.0,2344.13671875
1318,-110.0,2344.13671875
1319,-110.0,2344.13671875
1320,-110.0,1710.8427734375
1321,-110.0,1710.8427734375
1322,-110.0,1710.8427734375
1323,-110.0,1710.8427734375
1324,-110.0,1710.8427734375
1325,-110.0,1710.8427734375
1326,-110.0,1710.8427734375
1327,-110.0,1710.8427734375
1328,-110.0,1710.8427734375
1329,-110.0,1710.8427734375
1330,-110.0,1710.8427734375
1331,-110.0,1710.8427734375
1332,-110.0,1710.8427734375
1333,-110.0,1710.8427734375
1334,-110.0,1710.8427734375
1335,-110.0,1710.8427734375
1336,-110.0,1710.8427734375
1337,-110.0,1710.8427734375
1338,-110.0,1710.8427734375
1339,-110.0,1710.8427734375
1340,-110.0,1530.9061279296875
1341,-110.0,1530.9061279296875
1342,-110.0,1530.9061279296875
1343,-110.0,1530.9061279296875
1344,-110.0,1530.9061279296875
1345,-110.0,1530.9061279296875
1346,-110.0,1530.9061279296875
1347,-110.0,1530.9061279296875
1348,-110.0,1530.9061279296875
1349,-110.0,1530.9061279296875
1350,-110.0,1530.9061279296875
1351,-110.0,1530.9061279296875
1352,-110.0,1530.9061279296875
1353,-110.0,1530.9061279296875
1354,-110.0,1530.9061279296875
1355,-110.0,1530.9061279296875
1356,-110.0,1530.9061279296875
1357,-110.0,1530.9061279296875
1358,-110.0,1530.9061279296875
1359,-110.0,1530.9061279296875
1360,-110.0,1398.303955078125
1361,-110.0,1398.303955078125
1362,-110.0,1398.303955078125
1363,-110.0,1398.303955078125
1364,-110.0,1398.303955078125
1365,-110.0,1398.303955078125
1366,-110.0,1398.303955078125
1367,-110.0,1398.303955078125
1368,-110.0,1398.303955078125
1369,-110.0,1398.303955078125
1370,-110.0,1398.303955078125
1371,-110.0,1398.303955078125
1372,-110.0,1398.303955078125
1373,-110.0,1398.303955078125
1374,-110.0,1398.303955078125
1375,-110.0,1398.303955078125
1376,-110.0,1398.303955078125
1377,-110.0,1398.303955078125
1378,-110.0,1398.303955078125
1379,-110.0,1398.303955078125
1380,-110.0,2273.18603515625
1381,-110.0,2273.18603515625
1382,-110.0,2273.18603515625
1383,-110.0,2273.18603515625
1384,-110.0,2273.18603515625
1385,-110.0,2273.18603515625
1386,-110.0,2273.18603515625
1387,-110.0,2273.18603515625
1388,-110.0,2273.18603515625
1389,-110.0,2273.18603515625
1390,-110.0,2273.18603515625
1391,-110.0,2273.18603515625
1392,-110.0,2273.18603515625
1393,-110.0,2273.18603515625
1394,-110.0,2273.18603515625
1395,-110.0,2273.18603515625
1396,-110.0,2273.18603515625
1397,-110.0,2273.18603515625
1398,-110.0,2273.18603515625
1399,-110.0,2273.18603515625
1400,-110.0,2228.11474609375
1401,-110.0,2228.11474609375
1402,-110.0,2228.11474609375
1403,-110.0,2228.11474609375
1404,-110.0,2228.11474609375
1405,-110.0,2228.11474609375
1406,-110.0,2228.11474609375
1407,-110.0,2228.11474609375
1408,-110.0,2228.11474609375
1409,-110.0,2228.11474609375
1410,-110.0,2228.11474609375
1411,-110.0,2228.11474609375
1412,-110.0,2228.11474609375
1413,-110.0,2228.11474609375
1414,-110.0,2228.11474609375
1415,-110.0,2228.11474609375
1416,-110.0,2228.11474609375
1417,-110.0,2228.11474609375
1418,-110.0,2228.11474609375
1419,-110.0,2228.11474609375
1420,-110.0,2188.009521484375
1421,-110.0,2188.009521484375
1422,-110.0,2188.009521484375
1423,-110.0,2188.009521484375
1424,-110.0,2188.009521484375
1425,-110.0,2188.009521484375
1426,-110.0,2188.009521484375
1427,-110.0,2188.009521484375
1428,-110.0,2188.009521484375
1429,-110.0,2188.009521484375
1430,-110.0,2188.009521484375
1431,-110.0,2188.009521484375
1432,-110.0,2188.009521484375
1433,-110.0,2188.009521484375
1434,-110.0,2188.009521484375
1435,-110.0,2188.009521484375
1436,-110.0,2188.009521484375
1437,-110.0,2188.009521484375
1438,-110.0,2188.009521484375
1439,-110.0,2188.009521484375
1440,-110.0,1414.2801513671875
1441,-110.0,1414.2801513671875
1442,-110.0,1414.2801513671875
1443,-110.0,1414.2801513671875
1444,-110.0,1414.2801513671875
1445,-110.0,1414.2801513671875
1446,-110.0,1414.2801513671875
1447,-110.0,1414.2801513671875
1448,-110.0,1414.2801513671875
1449,-110.0,1414.2801513671875
1450,-110.0,1414.2801513671875
1451,-110.0,1414.2801513671875
1452,-110.0,1414.2801513671875
1453,-110.0,1414.2801513671875
1454,-110.0,1414.2801513671875
1455,-110.0,1414.2801513671875
1456,-110.0,1414.2801513671875
1457,-110.0,1414.2801513671875
1458,-110.0,1414.2801513671875
1459,-110.0,1414.2801513671875
1460,-110.0,1783.6722412109375
1461,-110.0,1783.6722412109375
1462,-110.0,1783.6722412109375
1463,-110.0,1783.6722412109375
1464,-110.0,1783.6722412109375
1465,-110.0,1783.6722412109375
1466,-110.0,1783.6722412109375
1467,-15.199999999999932,1783.6722412109375
1468,79.60000000000014,1783.6722412109375
1469,88.00000000000011,1783.6722412109375
1470,96.40000000000009,1783.6722412109375
1471,18.40000000000009,1783.6722412109375
1472,-59.59999999999991,1783.6722412109375
1473,-84.79999999999995,1783.6722412109375
1474,-110.0,1783.6722412109375
1475,-110.0,1783.6722412109375
1476,-110.0,1783.6722412109375
1477,-110.0,1783.6722412109375
1478,-110.0,1783.6722412109375
1479,-110.0,1783.6722412109375
1480,-110.0,1463.4459228515625
1481,-110.0,1463.4459228515625
1482,-110.0,1463.4459228515625
1483,-110.0,1463.4459228515625
1484,-110.0,1463.4459228515625
1485,-110.0,1463.4459228515625
1486,-110.0,1463.4459228515625
1487,-110.0,1463.4459228515625
1488,-110.0,1463.4459228515625
1489,-110.0,1463.4459228515625
1490,-110.0,1463.4459228515625
1491,-110.0,1463.4459228515625
1492,-110.0,1463.4459228515625
1493,-110.0,1463.4459228515625
1494,-110.0,1463.4459228515625
1495,-110.0,1463.4459228515625
1496,-110.0,1463.4459228515625
1497,-110.0,1463.4459228515625
1498,-110.0,1463.4459228515625
1499,-110.0,1463.4459228515625
1500,-110.0,1917.7869873046875
1501,-110.0,1917.7869873046875
1502,-110.0,1917.7869873046875
1503,-110.0,1917.7869873046875
1504,-110.0,1917.7869873046875
1505,-46.80000000000007,1917.7869873046875
1506,-93.60000000000014,1917.7869873046875
1507,-101.80000000000007,1917.7869873046875
1508,-110.0,1917.7869873046875
1509,-110.0,1917.7869873046875
1510,-110.0,1917.7869873046875
1511,-110.0,1917.7869873046875
1512,-110.0,1917.7869873046875
1513,-110.0,1917.7869873046875
1514,-110.0,1917.7869873046875
1515,-110.0,1917.7869873046875
1516,-110.0,1917.7869873046875
1517,-110.0,1917.7869873046875
1518,-110.0,1917.7869873046875
1519,-110.0,1917.7869873046875
1520,-110.0,1763.1590576171875
1521,-110.0,1763.1590576171875
1522,-110.0,1763.1590576171875
1523,-110.0,1763.1590576171875
1524,-110.0,1763.1590576171875
1525,-110.0,1763.1590576171875
1526,-110.0,1763.1590576171875
1527,-110.0,1763.1590576171875
1528,-110.0,1763.1590576171875
1529,-110.0,1763.1590576171875
1530,-110.0,1763.1590576171875
1531,-110.0,1763.1590576171875
1532,-110.0,1763.1590576171875
1533,-110.0,1763.1590576171875
1534,-110.0,1763.1590576171875
1535,-110.0,1763.1590576171875
1536,-110.0,1763.1590576171875
1537,-110.0,1763.1590576171875
1538,-110.0,1763.1590576171875
1539,-110.0,1763.1590576171875
1540,-110.0,1307.3216552734375
1541,-110.0,1307.3216552734375
1542,-110.0,1307.3216552734375
1543,-110.0,1307.3216552734375
1544,-110.0,1307.3216552734375
1545,-110.0,1307.3216552734375
1546,-110.0,1307.3216552734375
1547,-15.199999999999932,1307.3216552734375
1548,79.60000000000014,1307.3216552734375
1549,88.00000000000011,1307.3216552734375
1550,96.40000000000009,1307.3216552734375
1551,18.40000000000009,1307.3216552734375
1552,-59.59999999999991,1307.3216552734375
1553,-84.79999999999995,1307.3216552734375
1554,-110.0,1307.3216552734375
1555,-110.0,1307.3216552734375
1556,-110.0,1307.3216552734375
1557,-110.0,1307.3216552734375
1558,-110.0,1307.3216552734375
1559,-110.0,1307.3216552734375
1560,-110.0,1920.79345703125
1561,-110.0,1920.79345703125
1562,-110.0,1920.79345703125
1563,-110.0,1920.79345703125
1564,-110.0,1920.79345703125
1565,-110.0,1920.79345703125
1566,-110.0,1920.79345703125
1567,-110.0,1920.79345703125
1568,-110.0,1920.79345703125
1569,-110.0,1920.79345703125
1570,-110.0,1920.79345703125
1571,-110.0,1920.79345703125
1572,-110.0,1920.79345703125
1573,-110.0,1920.79345703125
1574,-110.0,1920.79345703125
1575,-110.0,1920.79345703125
1576,-110.0,1920.79345703125
1577,-110.0,1920.79345703125
1578,-110.0,1920.79345703125
1579,-110.0,1920.79345703125
1580,-110.0,1328.3790283203125
1581,-110.0,1328.3790283203125
1582,-110.0,1328.3790283203125
1583,-110.0,1328.3790283203125
1584,-110.0,1328.3790283203125
1585,-110.0,1328.3790283203125
1586,-110.0,1328.3790283203125
1587,-110.0,1328.3790283203125
1588,-110.0,1328.3790283203125
1589,-110.0,1328.3790283203125
1590,-110.0,1328.3790283203125
1591,-110.0,1328.3790283203125
1592,-110.0,1328.3790283203125
1593,-110.0,1328.3790283203125
1594,-110.0,1328.3790283203125
1595,-110.0,1328.3790283203125
1596,-110.0,1328.3790283203125
1597,-110.0,1328.3790283203125
1598,-110.0,1328.3790283203125
1599,-110.0,1328.3790283203125
1600,-110.0,1943.760986328125
1601,-110.0,1943.760986328125
1602,-110.0,1943.760986328125
1603,-110.0,1943.760986328125
1604,-110.0,1943.760986328125
1605,-110.0,1943.760986328125
1606,-110.0,1943.760986328125
1607,-110.0,1943.760986328125
1608,-110.0,1943.760986328125
1609,-110.0,1943.760986328125
1610,-110.0,1943.760986328125
1611,-110.0,1943.760986328125
1612,-110.0,1943.760986328125
1613,-110.0,1943.760986328125
1614,-110.0,1943.760986328125
1615,-110.0,1943.760986328125
1616,-110.0,1943.760986328125
1617,-110.0,1943.760986328125
1618,-110.0,1943.760986328125
1619,-110.0,1943.760986328125
1620,-110.0,1647.8095703125
1621,-110.0,1647.8095703125
1622,-110.0,1647.8095703125
1623,-110.0,1647.8095703125
1624,-110.0,1647.8095703125
1625,-110.0,1647.8095703125
1626,-110.0,1647.8095703125
1627,-110.0,1647.8095703125
1628,-110.0,1647.8095703125
1629,-110.0,1647.8095703125
1630,-110.0,1647.8095703125
1631,-110.0,1647.8095703125
1632,-110.0,1647.8095703125
1633,-110.0,1647.8095703125
1634,-110.0,1647.8095703125
1635,-110.0,1647.8095703125
1636,-110.0,1647.8095703125
1637,-110.0,1647.8095703125
1638,-110.0,1647.8095703125
1639,-110.0,1647.8095703125
1640,-110.0,1532.4190673828125
1641,-110.0,1532.4190673828125
1642,-110.0,1532.4190673828125
1643,-110.0,1532.4190673828125
1644,-110.0,1532.4190673828125
1645,-110.0,1532.4190673828125
1646,-110.0,1532.4190673828125
1647,-110.0,1532.4190673828125
1648,-110.0,1532.4190673828125
1649,-110.0,1532.4190673828125
1650,-110.0,1532.4190673828125
1651,-110.0,1532.4190673828125
1652,-110.0,1532.4190673828125
1653,-110.0,1532.4190673828125
1654,-110.0,1532.4190673828125
1655,-110.0,1532.4190673828125
1656,-110.0,1532.4190673828125
1657,-110.0,1532.4190673828125
1658,-110.0,1532.4190673828125
1659,-110.0,1532.4190673828125
1660,-110.0,1647.2545166015625
1661,-110.0,1647.2545166015625
1662,-110.0,1647.2545166015625
1663,-110.0,1647.2545166015625
1664,-110.0,1647.2545166015625
1665,-110.0,1647.2545166015625
1666,-110.0,1647.2545166015625
1667,-110.0,1647.2545166015625
1668,-110.0,1647.2545166015625
1669,-110.0,1647.2545166015625
1670,-110.0,1647.2545166015625
1671,-110.0,1647.2545166015625
1672,-110.0,1647.2545166015625
1673,-110.0,1647.2545166015625
1674,-110.0,1647.2545166015625
1675,-110.0,1647.2545166015625
1676,-110.0,1647.2545166015625
1677,-110.0,1647.2545166015625
1678,-110.0,1647.2545166015625
1679,-110.0,1647.2545166015625
1680,-110.0,1672.1876220703125
1681,-110.0,1672.1876220703125
1682,-110.0,1672.1876220703125
1683,-110.0,1672.1876220703125
1684,-110.0,1672.1876220703125
1685,-110.0,1672.1876220703125
1686,-110.0,1672.1876220703125
1687,-110.0,1672.1876220703125
1688,-110.0,1672.1876220703125
1689,-110.0,1672.1876220703125
1690,-110.0,1672.1876220703125
1691,-110.0,1672.1876220703125
1692,-110.0,1672.1876220703125
1693,-110.0,1672.1876220703125
1694,-110.0,1672.1876220703125
1695,-110.0,1672.1876220703125
1696,-110.0,1672.1876220703125
1697,-110.0,1672.1876220703125
1698,-110.0,1672.1876220703125
1699,-110.0,1672.1876220703125
1700,-110.0,2107.49462890625
1701,-110.0,2107.49462890625
1702,-110.0,2107.49462890625
1703,-110.0,2107.49462890625
1704,-110.0,2107.49462890625
1705,-15.199999999999932,2107.49462890625
1706,79.60000000000014,2107.49462890625
1707,88.00000000000011,2107.49462890625
1708,96.40000000000009,2107.49462890625
1709,18.40000000000009,2107.49462890625
1710,-59.59999999999991,2107.49462890625
1711,-84.79999999999995,2107.49462890625
1712,-110.0,2107.49462890625
1713,-110.0,2107.49462890625
1714,-110.0,2107.49462890625
1715,-110.0,2107.49462890625
1716,-110.0,2107.49462890625
1717,-110.0,2107.49462890625
1718,-110.0,2107.49462890625
1719,-110.0,2107.49462890625
1720,-110.0,1718.3265380859375
1721,-110.0,1718.3265380859375
1722,-110.0,1718.3265380859375
1723,-110.0,1718.3265380859375
1724,-110.0,1718.3265380859375
1725,-110.0,1718.3265380859375
1726,-110.0,1718.3265380859375
1727,-110.0,1718.3265380859375
1728,-110.0,1718.3265380859375
1729,-110.0,1718.3265380859375
1730,-110.0,1718.3265380859375
1731,-110.0,1718.3265380859375
1732,-110.0,1718.3265380859375
1733,-110.0,1718.3265380859375
1734,-110.0,1718.3265380859375
1735,-110.0,1718.3265380859375
1736,-110.0,1718.3265380859375
1737,-110.0,1718.3265380859375
1738,-110.0,1718.3265380859375
1739,-110.0,1718.3265380859375
1740,-110.0,949.8739013671875
1741,-110.0,949.8739013671875
1742,-110.0,949.8739013671875
1743,-15.199999999999932,949.8739013671875
1744,79.60000000000014,949.8739013671875
1745,88.00000000000011,949.8739013671875
1746,96.40000000000009,949.8739013671875
1747,18.40000000000009,949.8739013671875
1748,-59.59999999999991,949.8739013671875
1749,-84.79999999999995,949.8739013671875
1750,-110.0,949.8739013671875
1751,-110.0,949.8739013671875
1752,-110.0,949.8739013671875
1753,-110.0,949.8739013671875
1754,-110.0,949.8739013671875
1755,-110.0,949.8739013671875
1756,-110.0,949.8739013671875
1757,-15.199999999999932,949.8739013671875
1758,79.60000000000014,949.8739013671875
1759,88.00000000000011,949.8739013671875
1760,96.40000000000009,1531.2091064453125
1761,18.40000000000009,1531.2091064453125
1762,-59.59999999999991,1531.2091064453125
1763,-84.79999999999995,1531.2091064453125
1764,-110.0,1531.2091064453125
1765,-110.0,1531.2091064453125
1766,-110.0,1531.2091064453125
1767,-110.0,1531.2091064453125
1768,-110.0,1531.2091064453125
1769,-110.0,1531.2091064453125
1770,-110.0,1531.2091064453125
1771,-110.0,1531.2091064453125
1772,-110.0,1531.2091064453125
1773,-110.0,1531.2091064453125
1774,-110.0,1531.2091064453125
1775,-15.199999999999932,1531.2091064453125
1776,79.60000000000014,1531.2091064453125
1777,88.00000000000011,1531.2091064453125
1778,96.40000000000009,1531.2091064453125
1779,18.40000000000009,1531.2091064453125
1780,-59.59999999999991,1469.392333984375
1781,-84.79999999999995,1469.392333984375
1782,-110.0,1469.392333984375
1783,-110.0,1469.392333984375
1784,-110.0,1469.392333984375
1785,-110.0,1469.392333984375
1786,-110.0,1469.392333984375
1787,-110.0,1469.392333984375
1788,-110.0,1469.392333984375
1789,-15.199999999999932,1469.392333984375
1790,79.60000000000014,1469.392333984375
1791,88.00000000000011,1469.392333984375
1792,96.40000000000009,1469.392333984375
1793,18.40000000000009,1469.392333984375
1794,-59.59999999999991,1469.392333984375
1795,-84.79999999999995,1469.392333984375
1796,-110.0,1469.392333984375
1797,-110.0,1469.392333984375
1798,-110.0,1469.392333984375
1799,-110.0,1469.392333984375
1800,-110.0,1712.3299560546875
1801,-110.0,1712.3299560546875
1802,-110.0,1712.3299560546875
1803,-110.0,1712.3299560546875
1804,-110.0,1712.3299560546875
1805,-46.80000000000007,1712.3299560546875
1806,-93.60000000000014,1712.3299560546875
1807,-101.80000000000007,1712.3299560546875
1808,-110.0,1712.3299560546875
1809,-110.0,1712.3299560546875
1810,-110.0,1712.3299560546875
1811,-110.0,1712.3299560546875
1812,-110.0,1712.3299560546875
1813,-110.0,1712.3299560546875
1814,-110.0,1712.3299560546875
1815,-110.0,1712.3299560546875
1816,-110.0,1712.3299560546875
1817,-110.0,1712.3299560546875
1818,-110.0,1712.3299560546875
1819,-110.0,1712.3299560546875
1820,-110.0,1547.0238037109375
1821,-110.0,1547.0238037109375
1822,-110.0,1547.0238037109375
1823,-110.0,1547.0238037109375
1824,-110.0,1547.0238037109375
1825,-110.0,1547.0238037109375
1826,-110.0,1547.0238037109375
1827,-110.0,1547.0238037109375
1828,-110.0,1547.0238037109375
1829,-110.0,1547.0238037109375
1830,-110.0,1547.0238037109375
1831,-110.0,1547.0238037109375
1832,-110.0,1547.0238037109375
1833,-110.0,1547.0238037109375
1834,-110.0,1547.0238037109375
1835,-110.0,1547.0238037109375
1836,-110.0,1547.0238037109375
1837,-110.0,1547.0238037109375
1838,-110.0,1547.0238037109375
1839,-110.0,1547.0238037109375
1840,-110.0,1388.6917724609375
1841,-110.0,1388.6917724609375
1842,-110.0,1388.6917724609375
1843,-110.0,1388.6917724609375
1844,-110.0,1388.6917724609375
1845,-110.0,1388.6917724609375
1846,-110.0,1388.6917724609375
1847,-110.0,1388.6917724609375
1848,-110.0,1388.6917724609375
1849,-110.0,1388.6917724609375
1850,-110.0,1388.6917724609375
1851,-110.0,1388.6917724609375
1852,-110.0,1388.6917724609375
1853,-110.0,1388.6917724609375
1854,-110.0,1388.6917724609375
1855,-110.0,1388.6917724609375
1856,-110.0,1388.6917724609375
1857,-110.0,1388.6917724609375
1858,-110.0,1388.6917724609375
1859,-15.199999999999932,1388.6917724609375
1860,79.60000000000014,1979.779052734375
1861,88.00000000000011,1979.779052734375
1862,96.40000000000009,1979.779052734375
1863,18.40000000000009,1979.779052734375
1864,-59.59999999999991,1979.779052734375
1865,-84.79999999999995,1979.779052734375
1866,-110.0,1979.779052734375
1867,-110.0,1979.779052734375
1868,-110.0,1979.779052734375
1869,-110.0,1979.779052734375
1870,-110.0,1979.779052734375
1871,-110.0,1979.779052734375
1872,-110.0,1979.779052734375
1873,-110.0,1979.779052734375
1874,-110.0,1979.779052734375
1875,-110.0,1979.779052734375
1876,-110.0,1979.779052734375
1877,-110.0,1979.779052734375
1878,-110.0,1979.779052734375
1879,-110.0,1979.779052734375
1880,-110.0,1439.4490966796875
1881,-110.0,1439.4490966796875
1882,-110.0,1439.4490966796875
1883,-110.0,1439.4490966796875
1884,-110.0,1439.4490966796875
1885,-110.0,1439.4490966796875
1886,-110.0,1439.4490966796875
1887,-110.0,1439.4490966796875
1888,-110.0,1439.4490966796875
1889,-110.0,1439.4490966796875
1890,-110.0,1439.4490966796875
1891,-110.0,1439.4490966796875
1892,-110.0,1439.4490966796875
1893,66.39999999999998,1439.4490966796875
1894,242.79999999999995,1439.4490966796875
1895,332.79999999999995,1439.4490966796875
1896,422.79999999999995,1439.4490966796875
1897,426.4,1439.4490966796875
1898,430.0,1439.4490966796875
1899,347.19999999999993,1439.4490966796875
1900,264.39999999999986,1774.121826171875
1901,95.19999999999993,1774.121826171875
1902,-74.0,1774.121826171875
1903,-92.0,1774.121826171875
1904,-110.0,1774.121826171875
1905,-110.0,1774.121826171875
1906,-110.0,1774.121826171875
1907,-110.0,1774.121826171875
1908,-110.0,1774.121826171875
1909,-110.0,1774.121826171875
1910,-110.0,1774.121826171875
1911,-110.0,1774.121826171875
1912,-110.0,1774.121826171875
1913,-110.0,1774.121826171875
1914,-110.0,1774.121826171875
1915,-110.0,1774.121826171875
1916,-110.0,1774.121826171875
1917,-110.0,1774.121826171875
1918,-110.0,1774.121826171875
1919,-110.0,1774.121826171875
1920,-110.0,1757.9619140625
1921,-110.0,1757.9619140625
1922,-110.0,1757.9619140625
1923,-110.0,1757.9619140625
1924,-110.0,1757.9619140625
1925,-110.0,1757.9619140625
1926,-110.0,1757.9619140625
1927,-15.199999999999932,1757.9619140625
1928,79.60000000000014,1757.9619140625
1929,88.00000000000011,1757.9619140625
1930,96.40000000000009,1757.9619140625
1931,18.40000000000009,1757.9619140625
1932,-59.59999999999991,1757.9619140625
1933,-84.79999999999995,1757.9619140625
1934,-110.0,1757.9619140625
1935,-110.0,1757.9619140625
1936,-110.0,1757.9619140625
1937,-110.0,1757.9619140625
1938,-110.0,1757.9619140625
1939,-15.199999999999932,1757.9619140625
1940,79.60000000000014,1942.361083984375
1941,88.00000000000011,1942.361083984375
1942,96.40000000000009,1942.361083984375
1943,18.40000000000009,1942.361083984375
1944,-59.59999999999991,1942.361083984375
1945,-84.79999999999995,1942.361083984375
1946,-110.0,1942.361083984375
1947,-110.0,1942.361083984375
1948,-110.0,1942.361083984375
1949,-110.0,1942.361083984375
1950,-110.0,1942.361083984375
1951,-110.0,1942.361083984375
1952,-110.0,1942.361083984375
1953,-110.0,1942.361083984375
1954,-110.0,1942.361083984375
1955,-110.0,1942.361083984375
1956,-110.0,1942.361083984375
1957,-110.0,1942.361083984375
1958,-110.0,1942.361083984375
1959,-15.199999999999932,1942.361083984375
1960,79.60000000000014,2213.503173828125
1961,88.00000000000011,2213.503173828125
1962,96.40000000000009,2213.503173828125
1963,18.40000000000009,2213.503173828125
1964,-59.59999999999991,2213.503173828125
1965,-84.79999999999995,2213.503173828125
1966,-110.0,2213.503173828125
1967,-110.0,2213.503173828125
1968,-110.0,2213.503173828125
1969,-110.0,2213.503173828125
1970,-110.0,2213.503173828125
1971,-110.0,2213.503173828125
1972,-110.0,2213.503173828125
1973,-110.0,2213.503173828125
1974,-110.0,2213.503173828125
1975,-110.0,2213.503173828125
1976,-110.0,2213.503173828125
1977,-110.0,2213.503173828125
1978,-110.0,2213.503173828125
1979,-110.0,2213.503173828125
1980,-110.0,1431.55908203125
1981,-110.0,1431.55908203125
1982,-110.0,1431.55908203125
1983,-110.0,1431.55908203125
1984,-110.0,1431.55908203125
1985,-110.0,1431.55908203125
1986,-110.0,1431.55908203125
1987,-110.0,1431.55908203125
1988,-110.0,1431.55908203125
1989,-110.0,1431.55908203125
1990,-110.0,1431.55908203125
1991,-110.0,1431.55908203125
1992,-110.0,1431.55908203125
1993,-110.0,1431.55908203125
1994,-110.0,1431.55908203125
1995,-110.0,1431.55908203125
1996,-110.0,1431.55908203125
1997,-110.0,1431.55908203125
1998,-110.0,1431.55908203125
1999,-110.0,1431.55908203125
2000,-110.0,1815.33447265625
2001,-110.0,1815.33447265625
2002,-110.0,1815.33447265625
2003,-110.0,1815.33447265625
2004,-110.0,1815.33447265625
2005,-110.0,1815.33447265625
2006,-110.0,1815.33447265625
2007,-110.0,1815.33447265625
2008,-110.0,1815.33447265625
2009,-110.0,1815.33447265625
2010,-110.0,1815.33447265625
2011,-110.0,1815.33447265625
2012,-110.0,1815.33447265625
2013,-110.0,1815.33447265625
2014,-110.0,1815.33447265625
2015,-110.0,1815.33447265625
2016,-110.0,1815.33447265625
2017,-110.0,1815.33447265625
2018,-110.0,1815.33447265625
2019,-110.0,1815.33447265625
2020,-110.0,1166.78955078125
2021,-110.0,1166.78955078125
2022,-110.0,1166.78955078125
2023,-110.0,1166.78955078125
2024,-110.0,1166.78955078125
2025,-110.0,1166.78955078125
2026,-110.0,1166.78955078125
2027,-110.0,1166.78955078125
2028,-110.0,1166.78955078125
2029,-110.0,1166.78955078125
2030,-110.0,1166.78955078125
2031,-110.0,1166.78955078125
2032,-110.0,1166.78955078125
2033,-110.0,1166.78955078125
2034,-110.0,1166.78955078125
2035,-110.0,1166.78955078125
2036,-110.0,1166.78955078125
2037,-110.0,1166.78955078125
2038,-110.0,1166.78955078125
2039,-110.0,1166.78955078125
2040,-110.0,1611.2711181640625
2041,-110.0,1611.2711181640625
2042,-110.0,1611.2711181640625
2043,-110.0,1611.2711181640625
2044,-110.0,1611.2711181640625
2045,-110.0,1611.2711181640625
2046,-110.0,1611.2711181640625
2047,-110.0,1611.2711181640625
2048,-110.0,1611.2711181640625
2049,-110.0,1611.2711181640625
2050,-110.0,1611.2711181640625
2051,-110.0,1611.2711181640625
2052,-110.0,1611.2711181640625
2053,-110.0,1611.2711181640625
2054,-110.0,1611.2711181640625
2055,-110.0,1611.2711181640625
2056,-110.0,1611.2711181640625
2057,-110.0,1611.2711181640625
2058,-110.0,1611.2711181640625
2059,-110.0,1611.2711181640625
2060,-110.0,779.525634765625
2061,-110.0,779.525634765625
2062,-110.0,779.525634765625
2063,-110.0,779.525634765625
2064,-110.0,779.525634765625
2065,-110.0,779.525634765625
2066,-110.0,779.525634765625
2067,-110.0,779.525634765625
2068,-110.0,779.525634765625
2069,-110.0,779.525634765625
2070,-110.0,779.525634765625
2071,-110.0,779.525634765625
2072,-110.0,779.525634765625
2073,-110.0,779.525634765625
2074,-110.0,779.525634765625
2075,-110.0,779.525634765625
2076,-110.0,779.525634765625
2077,-110.0,779.525634765625
2078,-110.0,779.525634765625
2079,-110.0,779.525634765625
2080,-110.0,1846.6439208984375
2081,-110.0,1846.6439208984375
2082,-110.0,1846.6439208984375
2083,-110.0,1846.6439208984375
2084,-110.0,1846.6439208984375
2085,-110.0,1846.6439208984375
2086,-110.0,1846.6439208984375
2087,-110.0,1846.6439208984375
2088,-110.0,1846.6439208984375
2089,-110.0,1846.6439208984375
2090,-110.0,1846.6439208984375
2091,-110.0,1846.6439208984375
2092,-110.0,1846.6439208984375
2093,-110.0,1846.6439208984375
2094,-110.0,1846.6439208984375
2095,-110.0,1846.6439208984375
2096,-110.0,1846.6439208984375
2097,-110.0,1846.6439208984375
2098,-110.0,1846.6439208984375
2099,-110.0,1846.6439208984375
2100,-110.0,1795.325439453125
2101,-110.0,1795.325439453125
2102,-110.0,1795.325439453125
2103,-110.0,1795.325439453125
2104,-110.0,1795.325439453125
2105,-46.80000000000007,1795.325439453125
2106,-93.60000000000014,1795.325439453125
2107,-101.80000000000007,1795.325439453125
2108,-110.0,1795.325439453125
2109,-110.0,1795.325439453125
2110,-110.0,1795.325439453125
2111,-110.0,1795.325439453125
2112,-110.0,1795.325439453125
2113,-110.0,1795.325439453125
2114,-110.0,1795.325439453125
2115,-110.0,1795.325439453125
2116,-110.0,1795.325439453125
2117,-110.0,1795.325439453125
2118,-110.0,1795.325439453125
2119,-110.0,1795.325439453125
2120,-110.0,1623.9564208984375
2121,-110.0,1623.9564208984375
2122,-110.0,1623.9564208984375
2123,-110.0,1623.9564208984375
2124,-110.0,1623.9564208984375
2125,-110.0,1623.9564208984375
2126,-110.0,1623.9564208984375
2127,-15.199999999999932,1623.9564208984375
2128,79.60000000000014,1623.9564208984375
2129,88.00000000000011,1623.9564208984375
2130,96.40000000000009,1623.9564208984375
2131,18.40000000000009,1623.9564208984375
2132,-59.59999999999991,1623.9564208984375
2133,-84.79999999999995,1623.9564208984375
2134,-110.0,1623.9564208984375
2135,-110.0,1623.9564208984375
2136,-110.0,1623.9564208984375
2137,-110.0,1623.9564208984375
2138,-110.0,1623.9564208984375
2139,-110.0,1623.9564208984375
2140,-110.0,1383.5177001953125
2141,-110.0,1383.5177001953125
2142,-110.0,1383.5177001953125
2143,-110.0,1383.5177001953125
2144,-110.0,1383.5177001953125
2145,-110.0,1383.5177001953125
2146,-110.0,1383.5177001953125
2147,-110.0,1383.5177001953125
2148,-110.0,1383.5177001953125
2149,-110.0,1383.5177001953125
2150,-110.0,1383.5177001953125
2151,-110.0,1383.5177001953125
2152,-110.0,1383.5177001953125
2153,-110.0,1383.5177001953125
2154,-110.0,1383.5177001953125
2155,-110.0,1383.5177001953125
2156,-110.0,1383.5177001953125
2157,-110.0,1383.5177001953125
2158,-110.0,1383.5177001953125
2159,-110.0,1383.5177001953125
2160,-110.0,920.4598388671875
2161,-110.0,920.4598388671875
2162,-110.0,920.4598388671875
2163,-110.0,920.4598388671875
2164,-110.0,920.4598388671875
2165,-110.0,920.4598388671875
2166,-110.0,920.4598388671875
2167,-110.0,920.4598388671875
2168,-110.0,920.4598388671875
2169,-110.0,920.4598388671875
2170,-110.0,920.4598388671875
2171,-110.0,920.4598388671875
2172,-110.0,920.4598388671875
2173,-110.0,920.4598388671875
2174,-110.0,920.4598388671875
2175,-110.0,920.4598388671875
2176,-110.0,920.4598388671875
2177,-110.0,920.4598388671875
2178,-110.0,920.4598388671875
2179,-110.0,920.4598388671875
2180,-110.0,1343.3916015625
2181,-110.0,1343.3916015625
2182,-110.0,1343.3916015625
2183,-110.0,1343.3916015625
2184,-110.0,1343.3916015625
2185,-110.0,1343.3916015625
2186,-110.0,1343.3916015625
2187,-110.0,1343.3916015625
2188,-110.0,1343.3916015625
2189,-110.0,1343.3916015625
2190,-110.0,1343.3916015625
2191,-110.0,1343.3916015625
2192,-110.0,1343.3916015625
2193,-110.0,1343.3916015625
2194,-110.0,1343.3916015625
2195,-110.0,1343.3916015625
2196,-110.0,1343.3916015625
2197,-110.0,1343.3916015625
2198,-110.0,1343.3916015625
2199,-110.0,1343.3916015625
2200,-110.0,1481.4002685546875
2201,-110.0,1481.4002685546875
2202,-110.0,1481.4002685546875
2203,-110.0,1481.4002685546875
2204,-110.0,1481.4002685546875
2205,-110.0,1481.4002685546875
2206,-110.0,1481.4002685546875
2207,-110.0,1481.4002685546875
2208,-110.0,1481.4002685546875
2209,-110.0,1481.4002685546875
2210,-110.0,1481.4002685546875
2211,-110.0,1481.4002685546875
2212,-110.0,1481.4002685546875
2213,-110.0,1481.4002685546875
2214,-110.0,1481.4002685546875
2215,-110.0,1481.4002685546875
2216,-110.0,1481.4002685546875
2217,-110.0,1481.4002685546875
2218,-110.0,1481.4002685546875
2219,-110.0,1481.4002685546875
2220,-110.0,2198.56103515625
2221,-110.0,2198.56103515625
2222,-110.0,2198.56103515625
2223,-110.0,2198.56103515625
2224,-110.0,2198.56103515625
2225,-110.0,2198.56103515625
2226,-110.0,2198.56103515625
2227,-110.0,2198.56103515625
2228,-110.0,2198.56103515625
2229,-110.0,2198.56103515625
2230,-110.0,2198.56103515625
2231,-110.0,2198.56103515625
2232,-110.0,2198.56103515625
2233,-110.0,2198.56103515625
2234,-110.0,2198.56103515625
2235,-110.0,2198.56103515625
2236,-110.0,2198.56103515625
2237,-110.0,2198.56103515625
2238,-110.0,2198.56103515625
2239,-110.0,2198.56103515625
2240,-110.0,2142.945556640625
2241,-110.0,2142.945556640625
2242,-110.0,2142.945556640625
2243,-110.0,2142.945556640625
2244,-110.0,2142.945556640625
2245,-110.0,2142.945556640625
2246,-110.0,2142.945556640625
2247,-110.0,2142.945556640625
2248,-110.0,2142.945556640625
2249,-110.0,2142.945556640625
2250,-110.0,2142.945556640625
2251,-110.0,2142.945556640625
2252,-110.0,2142.945556640625
2253,-110.0,2142.945556640625
2254,-110.0,2142.945556640625
2255,-110.0,2142.945556640625
2256,-110.0,2142.945556640625
2257,-110.0,2142.945556640625
2258,-110.0,2142.945556640625
2259,-110.0,2142.945556640625
2260,-110.0,1580.9459228515625
2261,-110.0,1580.9459228515625
2262,-110.0,1580.9459228515625
2263,-110.0,1580.9459228515625
2264,-110.0,1580.9459228515625
2265,-110.0,1580.9459228515625
2266,-110.0,1580.9459228515625
2267,-110.0,1580.9459228515625
2268,-110.0,1580.9459228515625
2269,-110.0,1580.9459228515625
2270,-110.0,1580.9459228515625
2271,-110.0,1580.9459228515625
2272,-110.0,1580.9459228515625
2273,-110.0,1580.9459228515625
2274,-110.0,1580.9459228515625
2275,-110.0,1580.9459228515625
2276,-110.0,1580.9459228515625
2277,-110.0,1580.9459228515625
2278,-110.0,1580.9459228515625
2279,-110.0,1580.9459228515625
2280,-110.0,1039.8126220703125
2281,-110.0,1039.8126220703125
2282,-110.0,1039.8126220703125
2283,-110.0,1039.8126220703125
2284,-110.0,1039.8126220703125
2285,-110.0,1039.8126220703125
2286,-110.0,1039.8126220703125
2287,-110.0,1039.8126220703125
2288,-110.0,1039.8126220703125
2289,-15.199999999999932,1039.8126220703125
2290,79.60000000000014,1039.8126220703125
2291,88.00000000000011,1039.8126220703125
2292,96.40000000000009,1039.8126220703125
2293,18.40000000000009,1039.8126220703125
2294,-59.59999999999991,1039.8126220703125
2295,-84.79999999999995,1039.8126220703125
2296,-110.0,1039.8126220703125
2297,-110.0,1039.8126220703125
2298,-110.0,1039.8126220703125
2299,-110.0,1039.8126220703125
2300,-110.0,1239.1680908203125
2301,-110.0,1239.1680908203125
2302,-110.0,1239.1680908203125
2303,-110.0,1239.1680908203125
2304,-110.0,1239.1680908203125
2305,-110.0,1239.1680908203125
2306,-110.0,1239.1680908203125
2307,-110.0,1239.1680908203125
2308,-110.0,1239.1680908203125
2309,-110.0,1239.1680908203125
2310,-110.0,1239.1680908203125
2311,-110.0,1239.1680908203125
2312,-110.0,1239.1680908203125
2313,-110.0,1239.1680908203125
2314,-110.0,1239.1680908203125
2315,-110.0,1239.1680908203125
2316,-110.0,1239.1680908203125
2317,-110.0,1239.1680908203125
2318,-110.0,1239.1680908203125
2319,-110.0,1239.1680908203125
2320,-110.0,991.2111206054688
2321,-110.0,991.2111206054688
2322,-110.0,991.2111206054688
2323,-110.0,991.2111206054688
2324,-110.0,991.2111206054688
2325,-110.0,991.2111206054688
2326,-110.0,991.2111206054688
2327,-110.0,991.2111206054688
2328,-110.0,991.2111206054688
2329,-110.0,991.2111206054688
2330,-110.0,991.2111206054688
2331,-110.0,991.2111206054688
2332,-110.0,991.2111206054688
2333,-110.0,991.2111206054688
2334,-110.0,991.2111206054688
2335,-15.199999999999932,991.2111206054688
2336,79.60000000000014,991.2111206054688
2337,88.00000000000011,991.2111206054688
2338,96.40000000000009,991.2111206054688
2339,18.40000000000009,991.2111206054688
2340,-59.59999999999991,1135.523193359375
2341,-84.79999999999995,1135.523193359375
2342,-110.0,1135.523193359375
2343,-110.0,1135.523193359375
2344,-110.0,1135.523193359375
2345,-110.0,1135.523193359375
2346,-110.0,1135.523193359375
2347,-110.0,1135.523193359375
2348,-110.0,1135.523193359375
2349,-110.0,1135.523193359375
2350,-110.0,1135.523193359375
2351,-110.0,1135.523193359375
2352,-110.0,1135.523193359375
2353,-110.0,1135.523193359375
2354,-110.0,1135.523193359375
2355,-110.0,1135.523193359375
2356,-110.0,1135.523193359375
2357,-110.0,1135.523193359375
2358,-110.0,1135.523193359375
2359,-110.0,1135.523193359375
2360,-110.0,843.5812377929688
2361,-110.0,843.5812377929688
2362,-110.0,843.5812377929688
2363,-110.0,843.5812377929688
2364,-110.0,843.5812377929688
2365,-110.0,843.5812377929688
2366,-110.0,843.5812377929688
2367,-110.0,843.5812377929688
2368,-110.0,843.5812377929688
2369,-110.0,843.5812377929688
2370,-110.0,843.5812377929688
2371,-110.0,843.5812377929688
2372,-110.0,843.5812377929688
2373,-110.0,843.5812377929688
2374,-110.0,843.5812377929688
2375,-110.0,843.5812377929688
2376,-110.0,843.5812377929688
2377,-110.0,843.5812377929688
2378,-110.0,843.5812377929688
2379,-110.0,843.5812377929688
2380,-110.0,1535.3221435546875
2381,-110.0,1535.3221435546875
2382,-110.0,1535.3221435546875
2383,-110.0,1535.3221435546875
2384,-110.0,1535.3221435546875
2385,-110.0,1535.3221435546875
2386,-110.0,1535.3221435546875
2387,-110.0,1535.3221435546875
2388,-110.0,1535.3221435546875
2389,-110.0,1535.3221435546875
2390,-110.0,1535.3221435546875
2391,-110.0,1535.3221435546875
2392,-110.0,1535.3221435546875
2393,-110.0,1535.3221435546875
2394,-110.0,1535.3221435546875
2395,-110.0,1535.3221435546875
2396,-110.0,1535.3221435546875
2397,-110.0,1535.3221435546875
2398,-110.0,1535.3221435546875
2399,-110.0,1535.3221435546875
2400,-110.0,917.642333984375
2401,-110.0,917.642333984375
2402,-110.0,917.642333984375
2403,-110.0,917.642333984375
2404,-110.0,917.642333984375
2405,-46.80000000000007,917.642333984375
2406,-93.60000000000014,917.642333984375
2407,-101.80000000000007,917.642333984375
2408,-110.0,917.642333984375
2409,-22.000000000000114,917.642333984375
2410,65.99999999999977,917.642333984375
2411,67.59999999999968,917.642333984375
2412,69.19999999999959,917.642333984375
2413,-15.60000000000025,917.642333984375
2414,-100.40000000000009,917.642333984375
2415,-105.20000000000005,917.642333984375
2416,-110.0,917.642333984375
2417,-110.0,917.642333984375
2418,-110.0,917.642333984375
2419,-110.0,917.642333984375
2420,-110.0,997.7681884765625
2421,-110.0,997.7681884765625
2422,-110.0,997.7681884765625
2423,-110.0,997.7681884765625
2424,-110.0,997.7681884765625
2425,-110.0,997.7681884765625
2426,-110.0,997.7681884765625
2427,-110.0,997.7681884765625
2428,-110.0,997.7681884765625
2429,-110.0,997.7681884765625
2430,-110.0,997.7681884765625
2431,-110.0,997.7681884765625
2432,-110.0,997.7681884765625
2433,-110.0,997.7681884765625
2434,-110.0,997.7681884765625
2435,-110.0,997.7681884765625
2436,-110.0,997.7681884765625
2437,-110.0,997.7681884765625
2438,-110.0,997.7681884765625
2439,-110.0,997.7681884765625
2440,-110.0,1732.1578369140625
2441,-110.0,1732.1578369140625
2442,-110.0,1732.1578369140625
2443,-110.0,1732.1578369140625
2444,-110.0,1732.1578369140625
2445,-110.0,1732.1578369140625
2446,-110.0,1732.1578369140625
2447,-110.0,1732.1578369140625
2448,-110.0,1732.1578369140625
2449,-110.0,1732.1578369140625
2450,-110.0,1732.1578369140625
2451,-110.0,1732.1578369140625
2452,-110.0,1732.1578369140625
2453,-110.0,1732.1578369140625
2454,-110.0,1732.1578369140625
2455,-110.0,1732.1578369140625
2456,-110.0,1732.1578369140625
2457,-110.0,1732.1578369140625
2458,-110.0,1732.1578369140625
2459,-110.0,1732.1578369140625
2460,-110.0,1344.3905029296875
2461,-110.0,1344.3905029296875
2462,-110.0,1344.3905029296875
2463,-110.0,1344.3905029296875
2464,-110.0,1344.3905029296875
2465,-110.0,1344.3905029296875
2466,-110.0,1344.3905029296875
2467,-110.0,1344.3905029296875
2468,-110.0,1344.3905029296875
2469,-110.0,1344.3905029296875
2470,-110.0,1344.3905029296875
2471,-110.0,1344.3905029296875
2472,-110.0,1344.3905029296875
2473,-110.0,1344.3905029296875
2474,-110.0,1344.3905029296875
2475,-110.0,1344.3905029296875
2476,-110.0,1344.3905029296875
2477,-110.0,1344.3905029296875
2478,-110.0,1344.3905029296875
2479,-110.0,1344.3905029296875
2480,-110.0,669.7164916992188
2481,-110.0,669.7164916992188
2482,-110.0,669.7164916992188
2483,-110.0,669.7164916992188
2484,-110.0,669.7164916992188
2485,-110.0,669.7164916992188
2486,-110.0,669.7164916992188
2487,-110.0,669.7164916992188
2488,-110.0,669.7164916992188
2489,-110.0,669.7164916992188
2490,-110.0,669.7164916992188
2491,-110.0,669.7164916992188
2492,-110.0,669.7164916992188
2493,-110.0,669.7164916992188
2494,-110.0,669.7164916992188
2495,-110.0,669.7164916992188
2496,-110.0,669.7164916992188
2497,-110.0,669.7164916992188
2498,-110.0,669.7164916992188
2499,-110.0,669.7164916992188
2500,-110.0,842.7416381835938
2501,-110.0,842.7416381835938
2502,-110.0,842.7416381835938
2503,-110.0,842.7416381835938
2504,-110.0,842.7416381835938
2505,-110.0,842.7416381835938
2506,-110.0,842.7416381835938
2507,-110.0,842.7416381835938
2508,-110.0,842.7416381835938
2509,-110.0,842.7416381835938
2510,-110.0,842.7416381835938
2511,-110.0,842.7416381835938
2512,-110.0,842.7416381835938
2513,-110.0,842.7416381835938
2514,-110.0,842.7416381835938
2515,-110.0,842.7416381835938
2516,-110.0,842.7416381835938
2517,-110.0,842.7416381835938
2518,-110.0,842.7416381835938
2519,-110.0,842.7416381835938
2520,-110.0,1282.06201171875
2521,-110.0,1282.06201171875
2522,-110.0,1282.06201171875
2523,-110.0,1282.06201171875
2524,-110.0,1282.06201171875
2525,-110.0,1282.06201171875
2526,-110.0,1282.06201171875
2527,-110.0,1282.06201171875
2528,-110.0,1282.06201171875
2529,-110.0,1282.06201171875
2530,-110.0,1282.06201171875
2531,-110.0,1282.06201171875
2532,-110.0,1282.06201171875
2533,-110.0,1282.06201171875
2534,-110.0,1282.06201171875
2535,-15.199999999999932,1282.06201171875
2536,79.60000000000014,1282.06201171875
2537,88.00000000000011,1282.06201171875
2538,96.40000000000009,1282.06201171875
2539,18.40000000000009,1282.06201171875
2540,-59.59999999999991,1629.2076416015625
2541,-84.79999999999995,1629.2076416015625
2542,-110.0,1629.2076416015625
2543,-110.0,1629.2076416015625
2544,-110.0,1629.2076416015625
2545,-110.0,1629.2076416015625
2546,-110.0,1629.2076416015625
2547,-110.0,1629.2076416015625
2548,-110.0,1629.2076416015625
2549,-110.0,1629.2076416015625
2550,-110.0,1629.2076416015625
2551,-110.0,1629.2076416015625
2552,-110.0,1629.2076416015625
2553,-110.0,1629.2076416015625
2554,-110.0,1629.2076416015625
2555,-110.0,1629.2076416015625
2556,-110.0,1629.2076416015625
2557,-110.0,1629.2076416015625
2558,-110.0,1629.2076416015625
2559,-110.0,1629.2076416015625
2560,-110.0,1197.1146240234375
2561,-110.0,1197.1146240234375
2562,-110.0,1197.1146240234375
2563,-110.0,1197.1146240234375
2564,-110.0,1197.1146240234375
2565,-110.0,1197.1146240234375
2566,-110.0,1197.1146240234375
2567,-110.0,1197.1146240234375
2568,-110.0,1197.1146240234375
2569,-110.0,1197.1146240234375
2570,-110.0,1197.1146240234375
2571,-110.0,1197.1146240234375
2572,-110.0,1197.1146240234375
2573,-110.0,1197.1146240234375
2574,-110.0,1197.1146240234375
2575,-110.0,1197.1146240234375
2576,-110.0,1197.1146240234375
2577,-110.0,1197.1146240234375
2578,-110.0,1197.1146240234375
2579,-110.0,1197.1146240234375
2580,-110.0,1357.940673828125
2581,-110.0,1357.940673828125
2582,-110.0,1357.940673828125
2583,-110.0,1357.940673828125
2584,-110.0,1357.940673828125
2585,-110.0,1357.940673828125
2586,-110.0,1357.940673828125
2587,-110.0,1357.940673828125
2588,-110.0,1357.940673828125
2589,-110.0,1357.940673828125
2590,-110.0,1357.940673828125
2591,-110.0,1357.940673828125
2592,-110.0,1357.940673828125
2593,-110.0,1357.940673828125
2594,-110.0,1357.940673828125
2595,-110.0,1357.940673828125
2596,-110.0,1357.940673828125
2597,-110.0,1357.940673828125
2598,-110.0,1357.940673828125
2599,-110.0,1357.940673828125
2600,-110.0,701.276611328125
2601,-110.0,701.276611328125
2602,-110.0,701.276611328125
2603,-110.0,701.276611328125
2604,-110.0,701.276611328125
2605,-110.0,701.276611328125
2606,-110.0,701.276611328125
2607,-110.0,701.276611328125
2608,-110.0,701.276611328125
2609,-110.0,701.276611328125
2610,-110.0,701.276611328125
2611,-110.0,701.276611328125
2612,-110.0,701.276611328125
2613,-110.0,701.276611328125
2614,-110.0,701.276611328125
2615,-110.0,701.276611328125
2616,-110.0,701.276611328125
2617,-110.0,701.276611328125
2618,-110.0,701.276611328125
2619,-110.0,701.276611328125
2620,-110.0,746.8412475585938
2621,-110.0,746.8412475585938
2622,-110.0,746.8412475585938
2623,-110.0,746.8412475585938
2624,-110.0,746.8412475585938
2625,-15.199999999999932,746.8412475585938
2626,79.60000000000014,746.8412475585938
2627,88.00000000000011,746.8412475585938
2628,96.40000000000009,746.8412475585938
2629,18.40000000000009,746.8412475585938
2630,-59.59999999999991,746.8412475585938
2631,-84.79999999999995,746.8412475585938
2632,-110.0,746.8412475585938
2633,-110.0,746.8412475585938
2634,-110.0,746.8412475585938
2635,-110.0,746.8412475585938
2636,-110.0,746.8412475585938
2637,-110.0,746.8412475585938
2638,-110.0,746.8412475585938
2639,-110.0,746.8412475585938
2640,-110.0,823.478759765625
2641,-110.0,823.478759765625
2642,-110.0,823.478759765625
2643,-110.0,823.478759765625
2644,-110.0,823.478759765625
2645,-110.0,823.478759765625
2646,-110.0,823.478759765625
2647,-110.0,823.478759765625
2648,-110.0,823.478759765625
2649,-110.0,823.478759765625
2650,-110.0,823.478759765625
2651,-110.0,823.478759765625
2652,-110.0,823.478759765625
2653,-110.0,823.478759765625
2654,-110.0,823.478759765625
2655,-110.0,823.478759765625
2656,-110.0,823.478759765625
2657,-110.0,823.478759765625
2658,-110.0,823.478759765625
2659,-110.0,823.478759765625
2660,-110.0,1562.6834716796875
2661,-110.0,1562.6834716796875
2662,-110.0,1562.6834716796875
2663,-110.0,1562.6834716796875
2664,-110.0,1562.6834716796875
2665,-110.0,1562.6834716796875
2666,-110.0,1562.6834716796875
2667,-110.0,1562.6834716796875
2668,-110.0,1562.6834716796875
2669,-110.0,1562.6834716796875
2670,-110.0,1562.6834716796875
2671,-110.0,1562.6834716796875
2672,-110.0,1562.6834716796875
2673,-110.0,1562.6834716796875
2674,-110.0,1562.6834716796875
2675,-110.0,1562.6834716796875
2676,-110.0,1562.6834716796875
2677,-110.0,1562.6834716796875
2678,-110.0,1562.6834716796875
2679,-110.0,1562.6834716796875
2680,-110.0,1263.3800048828125
2681,-110.0,1263.3800048828125
2682,-110.0,1263.3800048828125
2683,-110.0,1263.3800048828125
2684,-110.0,1263.3800048828125
2685,-110.0,1263.3800048828125
2686,-110.0,1263.3800048828125
2687,-110.0,1263.3800048828125
2688,-110.0,1263.3800048828125
2689,-110.0,1263.3800048828125
2690,-110.0,1263.3800048828125
2691,-110.0,1263.3800048828125
2692,-110.0,1263.3800048828125
2693,-110.0,1263.3800048828125
2694,-110.0,1263.3800048828125
2695,-110.0,1263.3800048828125
2696,-110.0,1263.3800048828125
2697,-110.0,1263.3800048828125
2698,-110.0,1263.3800048828125
2699,-110.0,1263.3800048828125
2700,-110.0,1707.1407470703125
2701,-110.0,1707.1407470703125
2702,-110.0,1707.1407470703125
2703,-110.0,1707.1407470703125
2704,-110.0,1707.1407470703125
2705,-46.80000000000007,1707.1407470703125
2706,-93.60000000000014,1707.1407470703125
2707,-101.80000000000007,1707.1407470703125
2708,-110.0,1707.1407470703125
2709,-110.0,1707.1407470703125
2710,-110.0,1707.1407470703125
2711,-110.0,1707.1407470703125
2712,-110.0,1707.1407470703125
2713,-110.0,1707.1407470703125
2714,-110.0,1707.1407470703125
2715,-110.0,1707.1407470703125
2716,-110.0,1707.1407470703125
2717,-110.0,1707.1407470703125
2718,-110.0,1707.1407470703125
2719,-110.0,1707.1407470703125
2720,-110.0,1338.9649658203125
2721,-110.0,1338.9649658203125
2722,-110.0,1338.9649658203125
2723,-110.0,1338.9649658203125
2724,-110.0,1338.9649658203125
2725,-110.0,1338.9649658203125
2726,-110.0,1338.9649658203125
2727,-110.0,1338.9649658203125
2728,-110.0,1338.9649658203125
2729,-110.0,1338.9649658203125
2730,-110.0,1338.9649658203125
2731,-110.0,1338.9649658203125
2732,-110.0,1338.9649658203125
2733,-110.0,1338.9649658203125
2734,-110.0,1338.9649658203125
2735,-15.199999999999932,1338.9649658203125
2736,79.60000000000014,1338.9649658203125
2737,88.00000000000011,1338.9649658203125
2738,96.40000000000009,1338.9649658203125
2739,18.40000000000009,1338.9649658203125
2740,-59.59999999999991,1067.7889404296875
2741,-84.79999999999995,1067.7889404296875
2742,-110.0,1067.7889404296875
2743,-110.0,1067.7889404296875
2744,-110.0,1067.7889404296875
2745,-110.0,1067.7889404296875
2746,-110.0,1067.7889404296875
2747,-110.0,1067.7889404296875
2748,-110.0,1067.7889404296875
2749,-110.0,1067.7889404296875
2750,-110.0,1067.7889404296875
2751,-110.0,1067.7889404296875
2752,-110.0,1067.7889404296875
2753,-110.0,1067.7889404296875
2754,-110.0,1067.7889404296875
2755,-110.0,1067.7889404296875
2756,-110.0,1067.7889404296875
2757,-15.199999999999932,1067.7889404296875
2758,79.60000000000014,1067.7889404296875
2759,88.00000000000011,1067.7889404296875
2760,96.40000000000009,1374.5831298828125
2761,18.40000000000009,1374.5831298828125
2762,-59.59999999999991,1374.5831298828125
2763,-84.79999999999995,1374.5831298828125
2764,-110.0,1374.5831298828125
2765,-110.0,1374.5831298828125
2766,-110.0,1374.5831298828125
2767,-110.0,1374.5831298828125
2768,-110.0,1374.5831298828125
2769,-110.0,1374.5831298828125
2770,-110.0,1374.5831298828125
2771,-110.0,1374.5831298828125
2772,-110.0,1374.5831298828125
2773,-110.0,1374.5831298828125
2774,-110.0,1374.5831298828125
2775,-110.0,1374.5831298828125
2776,-110.0,1374.5831298828125
2777,-110.0,1374.5831298828125
2778,-110.0,1374.5831298828125
2779,-110.0,1374.5831298828125
2780,-110.0,2206.1494140625
2781,-110.0,2206.1494140625
2782,-110.0,2206.1494140625
2783,-110.0,2206.1494140625
2784,-110.0,2206.1494140625
2785,-110.0,2206.1494140625
2786,-110.0,2206.1494140625
2787,-110.0,2206.1494140625
2788,-110.0,2206.1494140625
2789,-110.0,2206.1494140625
2790,-110.0,2206.1494140625
2791,-110.0,2206.1494140625
2792,-110.0,2206.1494140625
2793,-110.0,2206.1494140625
2794,-110.0,2206.1494140625
2795,-110.0,2206.1494140625
2796,-110.0,2206.1494140625
2797,-110.0,2206.1494140625
2798,-110.0,2206.1494140625
2799,-110.0,2206.1494140625
2800,-110.0,1200.956298828125
2801,-110.0,1200.956298828125
2802,-110.0,1200.956298828125
2803,-110.0,1200.956298828125
2804,-110.0,1200.956298828125
2805,-110.0,1200.956298828125
2806,-110.0,1200.956298828125
2807,-110.0,1200.956298828125
2808,-110.0,1200.956298828125
2809,-110.0,1200.956298828125
2810,-110.0,1200.956298828125
2811,-110.0,1200.956298828125
2812,-110.0,1200.956298828125
2813,-110.0,1200.956298828125
2814,-110.0,1200.956298828125
2815,-110.0,1200.956298828125
2816,-110.0,1200.956298828125
2817,-110.0,1200.956298828125
2818,-110.0,1200.956298828125
2819,-110.0,1200.956298828125
2820,-110.0,1035.3695068359375
2821,-110.0,1035.3695068359375
2822,-110.0,1035.3695068359375
2823,-110.0,1035.3695068359375
2824,-110.0,1035.3695068359375
2825,-110.0,1035.3695068359375
2826,-110.0,1035.3695068359375
2827,-110.0,1035.3695068359375
2828,-110.0,1035.3695068359375
2829,-110.0,1035.3695068359375
2830,-110.0,1035.3695068359375
2831,-110.0,1035.3695068359375
2832,-110.0,1035.3695068359375
2833,-110.0,1035.3695068359375
2834,-110.0,1035.3695068359375
2835,-110.0,1035.3695068359375
2836,-110.0,1035.3695068359375
2837,-110.0,1035.3695068359375
2838,-110.0,1035.3695068359375
2839,-110.0,1035.3695068359375
2840,-110.0,1329.3817138671875
2841,-110.0,1329.3817138671875
2842,-110.0,1329.3817138671875
2843,-110.0,1329.3817138671875
2844,-110.0,1329.3817138671875
2845,-110.0,1329.3817138671875
2846,-110.0,1329.3817138671875
2847,-110.0,1329.3817138671875
2848,-110.0,1329.3817138671875
2849,-110.0,1329.3817138671875
2850,-110.0,1329.3817138671875
2851,-110.0,1329.3817138671875
2852,-110.0,1329.3817138671875
2853,-110.0,1329.3817138671875
2854,-110.0,1329.3817138671875
2855,-110.0,1329.3817138671875
2856,-110.0,1329.3817138671875
2857,-110.0,1329.3817138671875
2858,-110.0,1329.3817138671875
2859,-110.0,1329.3817138671875
2860,-110.0,1135.0841064453125
2861,-110.0,1135.0841064453125
2862,-110.0,1135.0841064453125
2863,-110.0,1135.0841064453125
2864,-110.0,1135.0841064453125
2865,-110.0,1135.0841064453125
2866,-110.0,1135.0841064453125
2867,-110.0,1135.0841064453125
2868,-110.0,1135.0841064453125
2869,-110.0,1135.0841064453125
2870,-110.0,1135.0841064453125
2871,-110.0,1135.0841064453125
2872,-110.0,1135.0841064453125
2873,-110.0,1135.0841064453125
2874,-110.0,1135.0841064453125
2875,-110.0,1135.0841064453125
2876,-110.0,1135.0841064453125
2877,-110.0,1135.0841064453125
2878,-110.0,1135.0841064453125
2879,-110.0,1135.0841064453125
2880,-110.0,866.854248046875
2881,-110.0,866.854248046875
2882,-110.0,866.854248046875
2883,-110.0,866.854248046875
2884,-110.0,866.854248046875
2885,-110.0,866.854248046875
2886,-110.0,866.854248046875
2887,-110.0,866.854248046875
2888,-110.0,866.854248046875
2889,-110.0,866.854248046875
2890,-110.0,866.854248046875
2891,-110.0,866.854248046875
2892,-110.0,866.854248046875
2893,-110.0,866.854248046875
2894,-110.0,866.854248046875
2895,-110.0,866.854248046875
2896,-110.0,866.854248046875
2897,-110.0,866.854248046875
2898,-110.0,866.854248046875
2899,-110.0,866.854248046875
2900,-110.0,933.7042846679688
2901,-110.0,933.7042846679688
2902,-110.0,933.7042846679688
2903,-110.0,933.7042846679688
2904,-110.0,933.7042846679688
2905,-110.0,933.7042846679688
2906,-110.0,933.7042846679688
2907,-110.0,933.7042846679688
2908,-110.0,933.7042846679688
2909,-110.0,933.7042846679688
2910,-110.0,933.7042846679688
2911,-110.0,933.7042846679688
2912,-110.0,933.7042846679688
2913,-110.0,933.7042846679688
2914,-110.0,933.7042846679688
2915,-110.0,933.7042846679688
2916,-110.0,933.7042846679688
2917,-110.0,933.7042846679688
2918,-110.0,933.7042846679688
2919,-110.0,933.7042846679688
2920,-110.0,1195.1334228515625
2921,-110.0,1195.1334228515625
2922,-110.0,1195.1334228515625
2923,-110.0,1195.1334228515625
2924,-110.0,1195.1334228515625
2925,-110.0,1195.1334228515625
2926,-110.0,1195.1334228515625
2927,-110.0,1195.1334228515625
2928,-110.0,1195.1334228515625
2929,-110.0,1195.1334228515625
2930,-110.0,1195.1334228515625
2931,-110.0,1195.1334228515625
2932,-110.0,1195.1334228515625
2933,-110.0,1195.1334228515625
2934,-110.0,1195.1334228515625
2935,-110.0,1195.1334228515625
2936,-110.0,1195.1334228515625
2937,-110.0,1195.1334228515625
2938,-110.0,1195.1334228515625
2939,-110.0,1195.1334228515625
2940,-110.0,1483.8536376953125
2941,-110.0,1483.8536376953125
2942,-110.0,1483.8536376953125
2943,-110.0,1483.8536376953125
2944,-110.0,1483.8536376953125
2945,-110.0,1483.8536376953125
2946,-110.0,1483.8536376953125
2947,-110.0,1483.8536376953125
2948,-110.0,1483.8536376953125
2949,-110.0,1483.8536376953125
2950,-110.0,1483.8536376953125
2951,-110.0,1483.8536376953125
2952,-110.0,1483.8536376953125
2953,-110.0,1483.8536376953125
2954,-110.0,1483.8536376953125
2955,-110.0,1483.8536376953125
2956,-110.0,1483.8536376953125
2957,-110.0,1483.8536376953125
2958,-110.0,1483.8536376953125
2959,-110.0,1483.8536376953125
2960,-110.0,958.8404541015625
2961,-110.0,958.8404541015625
2962,-110.0,958.8404541015625
2963,-110.0,958.8404541015625
2964,-110.0,958.8404541015625
2965,-110.0,958.8404541015625
2966,-110.0,958.8404541015625
2967,-110.0,958.8404541015625
2968,-110.0,958.8404541015625
2969,-110.0,958.8404541015625
2970,-110.0,958.8404541015625
2971,-110.0,958.8404541015625
2972,-110.0,958.8404541015625
2973,-110.0,958.8404541015625
2974,-110.0,958.8404541015625
2975,-110.0,958.8404541015625
2976,-110.0,958.8404541015625
2977,-110.0,958.8404541015625
2978,-110.0,958.8404541015625
2979,-110.0,958.8404541015625
2980,-110.0,1816.8447265625
2981,-110.0,1816.8447265625
2982,-110.0,1816.8447265625
2983,-110.0,1816.8447265625
2984,-110.0,1816.8447265625
2985,-110.0,1816.8447265625
2986,-110.0,1816.8447265625
2987,-110.0,1816.8447265625
2988,-110.0,1816.8447265625
2989,-110.0,1816.8447265625
2990,-110.0,1816.8447265625
2991,-110.0,1816.8447265625
2992,-110.0,1816.8447265625
2993,-110.0,1816.8447265625
2994,-110.0,1816.8447265625
2995,-110.0,1816.8447265625
2996,-110.0,1816.8447265625
2997,-110.0,1816.8447265625
2998,-110.0,1816.8447265625
2999,-110.0,1816.8447265625
3000,-110.0,1596.736572265625
